id,insert_time,create_time,last_modify_time,personid,courseid,clazzid,type,fid
"","	2022-07-01 02:31:34	","	2022-07-01 02:31:34	","	2022-07-01 02:31:34	","	197685921	","	224894458	","	55799909	","	accesslog	",1727
"","	2022-07-01 04:42:41	","	2022-07-01 04:42:41	","	2022-07-01 04:42:41	","	197689096	","	224894458	","	55799909	","	accesslog	",1727
"","	2022-07-01 04:42:44	","	2022-07-01 04:42:44	","	2022-07-01 04:42:44	","	197689096	","	224894458	","	55799908	","	accesslog	",1727
"","	2022-07-01 10:54:23	","	2022-07-01 10:54:23	","	2022-07-01 10:54:23	","	197258081	","	223945300	","	53746342	","	examanswer	",1727
"","	2022-07-01 10:54:23	","	2022-07-01 10:54:23	","	2022-07-01 10:54:23	","	197258081	","	223945300	","	53746342	","	examscore	",1727
"","	2022-07-01 11:42:01	","	2022-07-01 11:42:01	","	2022-07-01 11:42:01	","	197257111	","	223945300	","	53746342	","	accesslog	",1727
"","	2022-07-01 12:27:11	","	2022-07-01 12:27:11	","	2022-07-01 12:27:11	","	197257111	","	223945300	","	53746342	","	examanswer	",1727
"","	2022-07-01 12:27:11	","	2022-07-01 12:27:11	","	2022-07-01 12:27:11	","	197257111	","	223945300	","	53746342	","	examscore	",1727
"","	2022-07-01 12:39:29	","	2022-07-01 12:39:29	","	2022-07-01 12:39:29	","	147378481	","	224922228	","	55853631	","	accesslog	",1727
"","	2022-07-01 18:02:49	","	2022-07-01 18:02:49	","	2022-07-01 18:02:49	","	197259586	","	223945300	","	53746342	","	accesslog	",1727
"","	2022-07-01 18:25:15	","	2022-07-01 18:25:15	","	2022-07-01 18:25:15	","	147389486	","	224922228	","	55853631	","	accesslog	",1727
"","	2022-07-01 18:29:22	","	2022-07-01 18:29:22	","	2022-07-01 18:29:22	","	147389486	","	224922228	","	55853631	","	accesslog	",1727
"","	2022-07-01 21:04:56	","	2022-07-01 21:04:56	","	2022-07-01 21:04:56	","	111943930	","	222820410	","	51027597	","	accesslog	",1727
"","	2022-07-02 07:17:56	","	2022-07-02 07:17:56	","	2022-07-02 07:17:56	","	111946336	","	224841013	","	55682821	","	accesslog	",1727
"","	2022-07-02 10:08:17	","	2022-07-02 10:08:17	","	2022-07-02 10:08:17	","	147392863	","	224989771	","	55998526	","	accesslog	",1727
"","	2022-07-02 10:33:11	","	2022-07-02 10:33:11	","	2022-07-02 10:33:11	","	197257886	","	223945300	","	53746342	","	accesslog	",1727
"","	2022-07-02 10:34:30	","	2022-07-02 10:34:30	","	2022-07-02 10:34:30	","	147392712	","	226410295	","	58754655	","	accesslog	",1727
"","	2022-07-02 10:52:36	","	2022-07-02 10:52:36	","	2022-07-02 10:52:36	","	197259586	","	223945300	","	53746342	","	examanswer	",1727
"","	2022-07-02 10:52:36	","	2022-07-02 10:52:36	","	2022-07-02 10:52:36	","	197259586	","	223945300	","	53746342	","	examscore	",1727
"","	2022-07-02 11:46:42	","	2022-07-02 11:46:42	","	2022-07-02 11:46:42	","	197263536	","	223945300	","	53746342	","	examanswer	",1727
"","	2022-07-02 11:46:42	","	2022-07-02 11:46:42	","	2022-07-02 11:46:42	","	197263536	","	223945300	","	53746342	","	examscore	",1727
"","	2022-07-02 11:51:15	","	2022-07-02 11:51:15	","	2022-07-02 11:51:15	","	147386210	","	222820410	","	51027597	","	accesslog	",1727
"","	2022-07-02 12:27:32	","	2022-07-02 12:27:32	","	2022-07-02 12:27:32	","	197685196	","	222652756	","	50621835	","	accesslog	",1727
"","	2022-07-02 15:18:36	","	2022-07-02 15:18:36	","	2022-07-02 15:18:36	","	147392282	","	224989771	","	55998526	","	accesslog	",1727
"","	2022-07-02 17:57:15	","	2022-07-02 17:57:15	","	2022-07-02 17:57:15	","	197258830	","	223945300	","	53746342	","	accesslog	",1727
"","	2022-07-02 18:02:40	","	2022-07-02 18:02:40	","	2022-07-02 18:02:40	","	197258830	","	223945300	","	53746342	","	accesslog	",1727
"","	2022-07-02 18:07:54	","	2022-07-02 18:07:54	","	2022-07-02 18:07:54	","	197258830	","	223945300	","	53746342	","	examanswer	",1727
"","	2022-07-02 18:07:54	","	2022-07-02 18:07:54	","	2022-07-02 18:07:54	","	197258830	","	223945300	","	53746342	","	examscore	",1727
"","	2022-07-02 18:08:58	","	2022-07-02 18:08:58	","	2022-07-02 18:08:58	","	197258830	","	223945300	","	53746342	","	accesslog	",1727
"","	2022-07-02 18:10:28	","	2022-07-02 18:10:28	","	2022-07-02 18:10:28	","	197258830	","	223945300	","	53746342	","	accesslog	",1727
"","	2022-07-02 22:20:49	","	2022-07-02 22:20:49	","	2022-07-02 22:20:49	","	111943836	","	222808035	","	50991373	","	accesslog	",1727
"","	2022-07-03 08:58:55	","	2022-07-03 08:58:55	","	2022-07-03 08:58:55	","	147392418	","	223018597	","	51541158	","	accesslog	",1727
"","	2022-07-03 08:59:39	","	2022-07-03 08:59:39	","	2022-07-03 08:59:39	","	147392418	","	223018597	","	51541158	","	accesslog	",1727
"","	2022-07-03 09:04:21	","	2022-07-03 09:04:21	","	2022-07-03 09:04:21	","	197254415	","	223945300	","	53746342	","	examanswer	",1727
"","	2022-07-03 09:04:21	","	2022-07-03 09:04:21	","	2022-07-03 09:04:21	","	197254415	","	223945300	","	53746342	","	examscore	",1727
"","	2022-07-03 09:07:17	","	2022-07-03 09:07:17	","	2022-07-03 09:07:17	","	111943836	","	222808035	","	50991373	","	accesslog	",1727
"","	2022-07-03 12:11:28	","	2022-07-03 12:11:28	","	2022-07-03 12:11:28	","	197261517	","	223945300	","	53746342	","	examanswer	",1727
"","	2022-07-03 12:11:28	","	2022-07-03 12:11:28	","	2022-07-03 12:11:28	","	197261517	","	223945300	","	53746342	","	examscore	",1727
"","	2022-07-03 13:26:42	","	2022-07-03 13:26:42	","	2022-07-03 13:26:42	","	197687890	","	224894458	","	55799906	","	accesslog	",1727
"","	2022-07-03 13:26:49	","	2022-07-03 13:26:49	","	2022-07-03 13:26:49	","	197687890	","	224894458	","	55799904	","	accesslog	",1727
"","	2022-07-03 14:24:05	","	2022-07-03 14:24:05	","	2022-07-03 14:24:05	","	197685866	","	224894458	","	55799906	","	accesslog	",1727
"","	2022-07-03 14:33:01	","	2022-07-03 14:33:01	","	2022-07-03 14:33:01	","	147393509	","	222675513	","	51498365	","	accesslog	",1727
"","	2022-07-03 16:44:12	","	2022-07-03 16:44:12	","	2022-07-03 16:44:12	","	197685102	","	224894458	","	55799906	","	accesslog	",1727
"","	2022-07-03 21:49:53	","	2022-07-03 21:49:53	","	2022-07-03 21:49:53	","	147393692	","	222807286	","	51037242	","	accesslog	",1727
"","	2022-07-04 12:28:57	","	2022-07-04 12:28:57	","	2022-07-04 12:28:57	","	147393571	","	222820410	","	51027597	","	accesslog	",1727
"","	2022-07-04 13:08:15	","	2022-07-04 13:08:15	","	2022-07-04 13:08:15	","	197258830	","	223945300	","	53746342	","	accesslog	",1727
"","	2022-07-04 15:51:26	","	2022-07-04 15:51:26	","	2022-07-04 15:51:26	","	147392984	","	222807286	","	51037242	","	accesslog	",1727
"","	2022-07-04 20:14:33	","	2022-07-04 20:14:33	","	2022-07-04 20:14:33	","	197685526	","	222652756	","	53238375	","	accesslog	",1727
"","	2022-07-05 11:05:17	","	2022-07-05 11:05:17	","	2022-07-05 11:05:17	","	147393571	","	222820410	","	51027597	","	accesslog	",1727
"","	2022-07-05 11:55:55	","	2022-07-05 11:55:55	","	2022-07-05 11:55:55	","	147390308	","	223018597	","	51541158	","	accesslog	",1727
"","	2022-07-05 14:53:20	","	2022-07-05 14:53:20	","	2022-07-05 14:53:20	","	147392538	","	222807286	","	50989234	","	accesslog	",1727
"","	2022-07-05 18:07:59	","	2022-07-05 18:07:59	","	2022-07-05 18:07:59	","	111946208	","	222595437	","	50511841	","	accesslog	",1727
"","	2022-07-05 21:18:50	","	2022-07-05 21:18:50	","	2022-07-05 21:18:50	","	98291753	","	224882207	","	55764701	","	accesslog	",1727
"","	2022-07-05 22:19:32	","	2022-07-05 22:19:32	","	2022-07-05 22:19:32	","	197685599	","	224894458	","	55799904	","	accesslog	",1727
"","	2022-07-06 00:19:43	","	2022-07-06 00:19:43	","	2022-07-06 00:19:43	","	111944017	","	222820410	","	51027597	","	accesslog	",1727
"","	2022-07-06 02:34:21	","	2022-07-06 02:34:21	","	2022-07-06 02:34:21	","	147382537	","	222865147	","	51154015	","	accesslog	",1727
"","	2022-07-06 11:28:34	","	2022-07-06 11:28:34	","	2022-07-06 11:28:34	","	197688327	","	224894458	","	55799909	","	accesslog	",1727
"","	2022-07-06 14:29:19	","	2022-07-06 14:29:19	","	2022-07-06 14:29:19	","	147388132	","	225348006	","	56697614	","	accesslog	",1727
"","	2022-07-06 16:09:15	","	2022-07-06 16:09:15	","	2022-07-06 16:09:15	","	147378696	","	222820410	","	51027597	","	accesslog	",1727
"","	2022-07-06 21:24:26	","	2022-07-06 21:24:26	","	2022-07-06 21:24:26	","	153868705	","	224922228	","	55853631	","	accesslog	",1727
"","	2022-07-06 22:16:10	","	2022-07-06 22:16:10	","	2022-07-06 22:16:10	","	111948436	","	222808035	","	50991373	","	accesslog	",1727
"","	2022-07-06 22:42:19	","	2022-07-06 22:42:19	","	2022-07-06 22:42:19	","	147389486	","	224922228	","	55853631	","	accesslog	",1727
"","	2022-07-07 06:41:36	","	2022-07-07 06:41:36	","	2022-07-07 06:41:36	","	197685719	","	224894458	","	55799906	","	accesslog	",1727
"","	2022-07-07 15:10:54	","	2022-07-07 15:10:54	","	2022-07-07 15:10:54	","	98289127	","	222808035	","	50991373	","	accesslog	",1727
"","	2022-07-07 15:46:33	","	2022-07-07 15:46:33	","	2022-07-07 15:46:33	","	111947801	","	222808035	","	50991373	","	accesslog	",1727
"","	2022-07-07 17:58:25	","	2022-07-07 17:58:25	","	2022-07-07 17:58:25	","	147393293	","	222652756	","	50621834	","	accesslog	",1727
"","	2022-07-07 19:34:45	","	2022-07-07 19:34:45	","	2022-07-07 19:34:45	","	147393788	","	224922228	","	55853631	","	accesslog	",1727
"","	2022-07-07 21:50:24	","	2022-07-07 21:50:24	","	2022-07-07 21:50:24	","	111947801	","	222808035	","	50991373	","	accesslog	",1727
"","	2022-07-09 09:59:09	","	2022-07-09 09:59:09	","	2022-07-09 09:59:09	","	147387523	","	224989771	","	55998526	","	accesslog	",1727
"","	2022-07-09 12:55:33	","	2022-07-09 12:55:33	","	2022-07-09 12:55:33	","	147389486	","	224922228	","	55853631	","	accesslog	",1727
"","	2022-07-09 22:37:00	","	2022-07-09 22:37:00	","	2022-07-09 22:37:00	","	147393728	","	224989771	","	55998526	","	accesslog	",1727
"","	2022-07-10 06:33:45	","	2022-07-10 06:33:45	","	2022-07-10 06:33:45	","	111943906	","	222808035	","	50991373	","	accesslog	",1727
"","	2022-07-10 11:11:24	","	2022-07-10 11:11:24	","	2022-07-10 11:11:24	","	111947731	","	222808035	","	50991373	","	accesslog	",1727
"","	2022-07-10 13:18:29	","	2022-07-10 13:18:29	","	2022-07-10 13:18:29	","	197268795	","	222820426	","	51027640	","	accesslog	",1727
"","	2022-07-10 13:58:30	","	2022-07-10 13:58:30	","	2022-07-10 13:58:30	","	197686428	","	224894458	","	55799909	","	accesslog	",1727
"","	2022-07-10 13:58:37	","	2022-07-10 13:58:37	","	2022-07-10 13:58:37	","	197686428	","	224894458	","	55799908	","	accesslog	",1727
"","	2022-07-10 14:10:50	","	2022-07-10 14:10:50	","	2022-07-10 14:10:50	","	197685700	","	224894458	","	55799909	","	accesslog	",1727
"","	2022-07-10 14:11:07	","	2022-07-10 14:11:07	","	2022-07-10 14:11:07	","	197685700	","	224894458	","	55799908	","	accesslog	",1727
"","	2022-07-11 01:35:22	","	2022-07-11 01:35:22	","	2022-07-11 01:35:22	","	111948894	","	222820410	","	51027597	","	accesslog	",1727
"","	2022-07-11 21:05:08	","	2022-07-11 21:05:08	","	2022-07-11 21:05:08	","	0	","	224922228	",,"	addteacher	",1727
"","	2022-07-12 09:47:46	","	2022-07-12 09:47:46	","	2022-07-12 09:47:46	","	111948662	","	222808035	","	50991373	","	accesslog	",1727
"","	2022-07-12 10:00:16	","	2022-07-12 10:00:16	","	2022-07-12 10:00:16	","	147385723	","	223018597	","	51541153	","	accesslog	",1727
"","	2022-07-13 00:35:51	","	2022-07-13 00:35:51	","	2022-07-13 00:35:51	","	111945513	","	222808035	","	50991373	","	accesslog	",1727
"","	2022-07-13 00:40:43	","	2022-07-13 00:40:43	","	2022-07-13 00:40:43	","	111945513	","	222808035	","	50991373	","	accesslog	",1727
"","	2022-07-13 08:38:54	","	2022-07-13 08:38:54	","	2022-07-13 08:38:54	","	111948381	","	222808035	","	50991373	","	accesslog	",1727
"","	2022-07-13 23:56:12	","	2022-07-13 23:56:12	","	2022-07-13 23:56:12	","	111946863	","	222602451	","	50522391	","	accesslog	",1727
"","	2022-07-14 12:22:42	","	2022-07-14 12:22:42	","	2022-07-14 12:22:42	","	111948975	","	222808035	","	50991373	","	accesslog	",1727
"","	2022-07-15 16:27:20	","	2022-07-15 16:27:20	","	2022-07-15 16:27:20	","	111944914	","	223018597	","	51541153	","	accesslog	",1727
"","	2022-07-15 16:58:48	","	2022-07-15 16:58:48	","	2022-07-15 16:58:48	","	147393244	","	222807286	","	51037242	","	accesslog	",1727
"","	2022-07-15 18:28:50	","	2022-07-15 18:28:50	","	2022-07-15 18:28:50	","	197686449	","	222652756	","	50621834	","	accesslog	",1727
"","	2022-07-16 14:54:31	","	2022-07-16 14:54:31	","	2022-07-16 14:54:31	","	113547253	","	223945300	","	53746342	","	piyuework	",1727
"","	2022-07-16 14:54:31	","	2022-07-16 14:54:31	","	2022-07-16 14:54:31	","	197257111	","	223945300	","	53746342	","	workscore	",1727
"","	2022-07-16 14:55:30	","	2022-07-16 14:55:30	","	2022-07-16 14:55:30	","	113547253	","	223945300	","	53746342	","	piyuework	",1727
"","	2022-07-16 14:55:30	","	2022-07-16 14:55:30	","	2022-07-16 14:55:30	","	197254663	","	223945300	","	53746342	","	workscore	",1727
"","	2022-07-16 14:55:47	","	2022-07-16 14:55:47	","	2022-07-16 14:55:47	","	113547253	","	223945300	","	53746342	","	piyuework	",1727
"","	2022-07-16 14:55:47	","	2022-07-16 14:55:47	","	2022-07-16 14:55:47	","	197259971	","	223945300	","	53746342	","	workscore	",1727
"","	2022-07-16 15:23:18	","	2022-07-16 15:23:18	","	2022-07-16 15:23:18	","	113547253	","	223945300	","	53746342	","	piyuework	",1727
"","	2022-07-16 15:23:18	","	2022-07-16 15:23:18	","	2022-07-16 15:23:18	","	197263536	","	223945300	","	53746342	","	workscore	",1727
"","	2022-07-16 15:23:28	","	2022-07-16 15:23:28	","	2022-07-16 15:23:28	","	113547253	","	223945300	","	53746342	","	piyuework	",1727
"","	2022-07-16 15:23:28	","	2022-07-16 15:23:28	","	2022-07-16 15:23:28	","	197257886	","	223945300	","	53746342	","	workscore	",1727
"","	2022-07-16 15:23:42	","	2022-07-16 15:23:42	","	2022-07-16 15:23:42	","	113547253	","	223945300	","	53746342	","	piyuework	",1727
"","	2022-07-16 15:23:42	","	2022-07-16 15:23:42	","	2022-07-16 15:23:42	","	197256921	","	223945300	","	53746342	","	workscore	",1727
"","	2022-07-16 15:23:49	","	2022-07-16 15:23:49	","	2022-07-16 15:23:49	","	113547253	","	223945300	","	53746342	","	piyuework	",1727
"","	2022-07-16 15:23:49	","	2022-07-16 15:23:49	","	2022-07-16 15:23:49	","	197259586	","	223945300	","	53746342	","	workscore	",1727
"","	2022-07-16 15:24:02	","	2022-07-16 15:24:02	","	2022-07-16 15:24:02	","	113547253	","	223945300	","	53746342	","	piyuework	",1727
"","	2022-07-16 15:24:02	","	2022-07-16 15:24:02	","	2022-07-16 15:24:02	","	197258830	","	223945300	","	53746342	","	workscore	",1727
"","	2022-07-16 15:24:09	","	2022-07-16 15:24:09	","	2022-07-16 15:24:09	","	113547253	","	223945300	","	53746342	","	piyuework	",1727
"","	2022-07-16 15:24:09	","	2022-07-16 15:24:09	","	2022-07-16 15:24:09	","	197261324	","	223945300	","	53746342	","	workscore	",1727
"","	2022-07-16 15:24:16	","	2022-07-16 15:24:16	","	2022-07-16 15:24:16	","	113547253	","	223945300	","	53746342	","	piyuework	",1727
"","	2022-07-16 15:24:16	","	2022-07-16 15:24:16	","	2022-07-16 15:24:16	","	197261517	","	223945300	","	53746342	","	workscore	",1727
"","	2022-07-16 15:24:32	","	2022-07-16 15:24:32	","	2022-07-16 15:24:32	","	113547253	","	223945300	","	53746342	","	piyuework	",1727
"","	2022-07-16 15:24:32	","	2022-07-16 15:24:32	","	2022-07-16 15:24:32	","	197258081	","	223945300	","	53746342	","	workscore	",1727
"","	2022-07-16 15:24:42	","	2022-07-16 15:24:42	","	2022-07-16 15:24:42	","	113547253	","	223945300	","	53746342	","	piyuework	",1727
"","	2022-07-16 15:24:42	","	2022-07-16 15:24:42	","	2022-07-16 15:24:42	","	197254415	","	223945300	","	53746342	","	workscore	",1727
"","	2022-07-16 15:27:39	","	2022-07-16 15:27:39	","	2022-07-16 15:27:39	","	113547253	","	223945300	","	53746342	","	piyuework	",1727
"","	2022-07-16 15:27:39	","	2022-07-16 15:27:39	","	2022-07-16 15:27:39	","	197254663	","	223945300	","	53746342	","	workscore	",1727
"","	2022-07-16 15:28:07	","	2022-07-16 15:28:07	","	2022-07-16 15:28:07	","	113547253	","	223945300	","	53746342	","	piyuework	",1727
"","	2022-07-16 15:28:07	","	2022-07-16 15:28:07	","	2022-07-16 15:28:07	","	197259971	","	223945300	","	53746342	","	workscore	",1727
"","	2022-07-16 15:52:00	","	2022-07-16 15:52:00	","	2022-07-16 15:52:00	","	113547253	","	223945300	","	53746342	","	piyuework	",1727
"","	2022-07-16 15:52:00	","	2022-07-16 15:52:00	","	2022-07-16 15:52:00	","	197261517	","	223945300	","	53746342	","	workscore	",1727
"","	2022-07-16 15:52:35	","	2022-07-16 15:52:35	","	2022-07-16 15:52:35	","	113547253	","	223945300	","	53746342	","	piyuework	",1727
"","	2022-07-16 15:52:35	","	2022-07-16 15:52:35	","	2022-07-16 15:52:35	","	197259971	","	223945300	","	53746342	","	workscore	",1727
"","	2022-07-16 15:54:56	","	2022-07-16 15:54:56	","	2022-07-16 15:54:56	","	113547253	","	223945300	","	53746342	","	piyuework	",1727
"","	2022-07-16 15:54:56	","	2022-07-16 15:54:56	","	2022-07-16 15:54:56	","	197256921	","	223945300	","	53746342	","	workscore	",1727
"","	2022-07-16 15:55:21	","	2022-07-16 15:55:21	","	2022-07-16 15:55:21	","	113547253	","	223945300	","	53746342	","	piyuework	",1727
"","	2022-07-16 15:55:21	","	2022-07-16 15:55:21	","	2022-07-16 15:55:21	","	197254663	","	223945300	","	53746342	","	workscore	",1727
"","	2022-07-16 15:55:38	","	2022-07-16 15:55:38	","	2022-07-16 15:55:38	","	113547253	","	223945300	","	53746342	","	piyuework	",1727
"","	2022-07-16 15:55:38	","	2022-07-16 15:55:38	","	2022-07-16 15:55:38	","	197258830	","	223945300	","	53746342	","	workscore	",1727
"","	2022-07-16 15:55:59	","	2022-07-16 15:55:59	","	2022-07-16 15:55:59	","	113547253	","	223945300	","	53746342	","	piyuework	",1727
"","	2022-07-16 15:55:59	","	2022-07-16 15:55:59	","	2022-07-16 15:55:59	","	197263536	","	223945300	","	53746342	","	workscore	",1727
"","	2022-07-16 15:56:36	","	2022-07-16 15:56:36	","	2022-07-16 15:56:36	","	113547253	","	223945300	","	53746342	","	piyuework	",1727
"","	2022-07-16 15:56:36	","	2022-07-16 15:56:36	","	2022-07-16 15:56:36	","	197257111	","	223945300	","	53746342	","	workscore	",1727
"","	2022-07-16 15:56:57	","	2022-07-16 15:56:57	","	2022-07-16 15:56:57	","	113547253	","	223945300	","	53746342	","	piyuework	",1727
"","	2022-07-16 15:56:57	","	2022-07-16 15:56:57	","	2022-07-16 15:56:57	","	197259586	","	223945300	","	53746342	","	workscore	",1727
"","	2022-07-16 15:57:20	","	2022-07-16 15:57:20	","	2022-07-16 15:57:20	","	113547253	","	223945300	","	53746342	","	piyuework	",1727
"","	2022-07-16 15:57:20	","	2022-07-16 15:57:20	","	2022-07-16 15:57:20	","	197257886	","	223945300	","	53746342	","	workscore	",1727
"","	2022-07-16 15:57:33	","	2022-07-16 15:57:33	","	2022-07-16 15:57:33	","	113547253	","	223945300	","	53746342	","	piyuework	",1727
"","	2022-07-16 15:57:33	","	2022-07-16 15:57:33	","	2022-07-16 15:57:33	","	197261324	","	223945300	","	53746342	","	workscore	",1727
"","	2022-07-16 15:57:56	","	2022-07-16 15:57:56	","	2022-07-16 15:57:56	","	113547253	","	223945300	","	53746342	","	piyuework	",1727
"","	2022-07-16 15:57:56	","	2022-07-16 15:57:56	","	2022-07-16 15:57:56	","	197254415	","	223945300	","	53746342	","	workscore	",1727
"","	2022-07-16 15:58:27	","	2022-07-16 15:58:27	","	2022-07-16 15:58:27	","	113547253	","	223945300	","	53746342	","	piyuework	",1727
"","	2022-07-16 15:58:27	","	2022-07-16 15:58:27	","	2022-07-16 15:58:27	","	197258081	","	223945300	","	53746342	","	workscore	",1727
"","	2022-07-16 15:58:59	","	2022-07-16 15:58:59	","	2022-07-16 15:58:59	","	113547253	","	223945300	","	53746342	","	piyuework	",1727
"","	2022-07-16 15:58:59	","	2022-07-16 15:58:59	","	2022-07-16 15:58:59	","	197259971	","	223945300	","	53746342	","	workscore	",1727
"","	2022-07-16 16:02:47	","	2022-07-16 16:02:47	","	2022-07-16 16:02:47	","	113547253	","	223945300	","	53746342	","	piyuework	",1727
"","	2022-07-16 16:02:47	","	2022-07-16 16:02:47	","	2022-07-16 16:02:47	","	197261517	","	223945300	","	53746342	","	workscore	",1727
"","	2022-07-16 16:04:05	","	2022-07-16 16:04:05	","	2022-07-16 16:04:05	","	113547253	","	223945300	","	53746342	","	piyuework	",1727
"","	2022-07-16 16:04:05	","	2022-07-16 16:04:05	","	2022-07-16 16:04:05	","	197259971	","	223945300	","	53746342	","	workscore	",1727
"","	2022-07-16 16:04:27	","	2022-07-16 16:04:27	","	2022-07-16 16:04:27	","	113547253	","	223945300	","	53746342	","	piyuework	",1727
"","	2022-07-16 16:04:27	","	2022-07-16 16:04:27	","	2022-07-16 16:04:27	","	197254663	","	223945300	","	53746342	","	workscore	",1727
"","	2022-07-16 16:04:44	","	2022-07-16 16:04:44	","	2022-07-16 16:04:44	","	113547253	","	223945300	","	53746342	","	piyuework	",1727
"","	2022-07-16 16:04:44	","	2022-07-16 16:04:44	","	2022-07-16 16:04:44	","	197256921	","	223945300	","	53746342	","	workscore	",1727
"","	2022-07-16 16:05:00	","	2022-07-16 16:05:00	","	2022-07-16 16:05:00	","	113547253	","	223945300	","	53746342	","	piyuework	",1727
"","	2022-07-16 16:05:00	","	2022-07-16 16:05:00	","	2022-07-16 16:05:00	","	197263536	","	223945300	","	53746342	","	workscore	",1727
"","	2022-07-16 16:05:12	","	2022-07-16 16:05:12	","	2022-07-16 16:05:12	","	113547253	","	223945300	","	53746342	","	piyuework	",1727
"","	2022-07-16 16:05:12	","	2022-07-16 16:05:12	","	2022-07-16 16:05:12	","	197257886	","	223945300	","	53746342	","	workscore	",1727
"","	2022-07-16 16:05:27	","	2022-07-16 16:05:27	","	2022-07-16 16:05:27	","	113547253	","	223945300	","	53746342	","	piyuework	",1727
"","	2022-07-16 16:05:27	","	2022-07-16 16:05:27	","	2022-07-16 16:05:27	","	197257111	","	223945300	","	53746342	","	workscore	",1727
"","	2022-07-16 16:06:31	","	2022-07-16 16:06:31	","	2022-07-16 16:06:31	","	113547253	","	223945300	","	53746342	","	piyuework	",1727
"","	2022-07-16 16:06:31	","	2022-07-16 16:06:31	","	2022-07-16 16:06:31	","	197259586	","	223945300	","	53746342	","	workscore	",1727
"","	2022-07-16 16:07:00	","	2022-07-16 16:07:00	","	2022-07-16 16:07:00	","	113547253	","	223945300	","	53746342	","	piyuework	",1727
"","	2022-07-16 16:07:00	","	2022-07-16 16:07:00	","	2022-07-16 16:07:00	","	197258830	","	223945300	","	53746342	","	workscore	",1727
"","	2022-07-16 16:07:59	","	2022-07-16 16:07:59	","	2022-07-16 16:07:59	","	113547253	","	223945300	","	53746342	","	piyuework	",1727
"","	2022-07-16 16:07:59	","	2022-07-16 16:07:59	","	2022-07-16 16:07:59	","	197261324	","	223945300	","	53746342	","	workscore	",1727
"","	2022-07-16 16:08:15	","	2022-07-16 16:08:15	","	2022-07-16 16:08:15	","	113547253	","	223945300	","	53746342	","	piyuework	",1727
"","	2022-07-16 16:08:15	","	2022-07-16 16:08:15	","	2022-07-16 16:08:15	","	197254415	","	223945300	","	53746342	","	workscore	",1727
"","	2022-07-16 16:08:37	","	2022-07-16 16:08:37	","	2022-07-16 16:08:37	","	113547253	","	223945300	","	53746342	","	piyuework	",1727
"","	2022-07-16 16:08:37	","	2022-07-16 16:08:37	","	2022-07-16 16:08:37	","	197258081	","	223945300	","	53746342	","	workscore	",1727
"","	2022-07-16 17:16:08	","	2022-07-16 17:16:08	","	2022-07-16 17:16:08	","	113547253	","	223945300	","	53746342	","	piyuework	",1727
"","	2022-07-16 17:16:08	","	2022-07-16 17:16:08	","	2022-07-16 17:16:08	","	197261517	","	223945300	","	53746342	","	workscore	",1727
"","	2022-07-16 17:16:39	","	2022-07-16 17:16:39	","	2022-07-16 17:16:39	","	113547253	","	223945300	","	53746342	","	piyuework	",1727
"","	2022-07-16 17:16:39	","	2022-07-16 17:16:39	","	2022-07-16 17:16:39	","	197259971	","	223945300	","	53746342	","	workscore	",1727
"","	2022-07-16 17:17:48	","	2022-07-16 17:17:48	","	2022-07-16 17:17:48	","	113547253	","	223945300	","	53746342	","	piyuework	",1727
"","	2022-07-16 17:17:48	","	2022-07-16 17:17:48	","	2022-07-16 17:17:48	","	197263536	","	223945300	","	53746342	","	workscore	",1727
"","	2022-07-16 17:18:08	","	2022-07-16 17:18:08	","	2022-07-16 17:18:08	","	113547253	","	223945300	","	53746342	","	piyuework	",1727
"","	2022-07-16 17:18:08	","	2022-07-16 17:18:08	","	2022-07-16 17:18:08	","	197254663	","	223945300	","	53746342	","	workscore	",1727
"","	2022-07-16 17:31:13	","	2022-07-16 17:31:13	","	2022-07-16 17:31:13	","	113547253	","	223945300	","	53746342	","	piyuework	",1727
"","	2022-07-16 17:31:13	","	2022-07-16 17:31:13	","	2022-07-16 17:31:13	","	197257111	","	223945300	","	53746342	","	workscore	",1727
"","	2022-07-16 17:31:47	","	2022-07-16 17:31:47	","	2022-07-16 17:31:47	","	113547253	","	223945300	","	53746342	","	piyuework	",1727
"","	2022-07-16 17:31:47	","	2022-07-16 17:31:47	","	2022-07-16 17:31:47	","	197257886	","	223945300	","	53746342	","	workscore	",1727
"","	2022-07-16 17:32:23	","	2022-07-16 17:32:23	","	2022-07-16 17:32:23	","	113547253	","	223945300	","	53746342	","	piyuework	",1727
"","	2022-07-16 17:32:23	","	2022-07-16 17:32:23	","	2022-07-16 17:32:23	","	197259586	","	223945300	","	53746342	","	workscore	",1727
"","	2022-07-16 17:32:36	","	2022-07-16 17:32:36	","	2022-07-16 17:32:36	","	113547253	","	223945300	","	53746342	","	piyuework	",1727
"","	2022-07-16 17:32:36	","	2022-07-16 17:32:36	","	2022-07-16 17:32:36	","	197258830	","	223945300	","	53746342	","	workscore	",1727
"","	2022-07-16 17:33:02	","	2022-07-16 17:33:02	","	2022-07-16 17:33:02	","	113547253	","	223945300	","	53746342	","	piyuework	",1727
"","	2022-07-16 17:33:03	","	2022-07-16 17:33:03	","	2022-07-16 17:33:03	","	197254415	","	223945300	","	53746342	","	workscore	",1727
"","	2022-07-16 17:33:35	","	2022-07-16 17:33:35	","	2022-07-16 17:33:35	","	113547253	","	223945300	","	53746342	","	piyuework	",1727
"","	2022-07-16 17:33:35	","	2022-07-16 17:33:35	","	2022-07-16 17:33:35	","	197256921	","	223945300	","	53746342	","	workscore	",1727
"","	2022-07-16 17:33:56	","	2022-07-16 17:33:56	","	2022-07-16 17:33:56	","	113547253	","	223945300	","	53746342	","	piyuework	",1727
"","	2022-07-16 17:33:56	","	2022-07-16 17:33:56	","	2022-07-16 17:33:56	","	197261324	","	223945300	","	53746342	","	workscore	",1727
"","	2022-07-16 17:34:51	","	2022-07-16 17:34:51	","	2022-07-16 17:34:51	","	113547253	","	223945300	","	53746342	","	piyuework	",1727
"","	2022-07-16 17:34:51	","	2022-07-16 17:34:51	","	2022-07-16 17:34:51	","	197258081	","	223945300	","	53746342	","	workscore	",1727
"","	2022-07-16 17:37:23	","	2022-07-16 17:37:23	","	2022-07-16 17:37:23	","	197261517	","	223945300	","	53746342	","	examscore	",1727
"","	2022-07-16 17:37:23	","	2022-07-16 17:37:23	","	2022-07-16 17:37:23	","	113547253	","	223945300	","	53746342	","	piyueexam	",1727
"","	2022-07-16 17:39:43	","	2022-07-16 17:39:43	","	2022-07-16 17:39:43	","	197254663	","	223945300	","	53746342	","	examscore	",1727
"","	2022-07-16 17:39:43	","	2022-07-16 17:39:43	","	2022-07-16 17:39:43	","	113547253	","	223945300	","	53746342	","	piyueexam	",1727
"","	2022-07-16 17:41:08	","	2022-07-16 17:41:08	","	2022-07-16 17:41:08	","	197254415	","	223945300	","	53746342	","	examscore	",1727
"","	2022-07-16 17:41:08	","	2022-07-16 17:41:08	","	2022-07-16 17:41:08	","	113547253	","	223945300	","	53746342	","	piyueexam	",1727
"","	2022-07-16 17:43:18	","	2022-07-16 17:43:18	","	2022-07-16 17:43:18	","	197261324	","	223945300	","	53746342	","	examscore	",1727
"","	2022-07-16 17:43:18	","	2022-07-16 17:43:18	","	2022-07-16 17:43:18	","	113547253	","	223945300	","	53746342	","	piyueexam	",1727
"","	2022-07-16 18:02:29	","	2022-07-16 18:02:29	","	2022-07-16 18:02:29	","	197263536	","	223945300	","	53746342	","	examscore	",1727
"","	2022-07-16 18:02:29	","	2022-07-16 18:02:29	","	2022-07-16 18:02:29	","	113547253	","	223945300	","	53746342	","	piyueexam	",1727
"","	2022-07-16 18:06:12	","	2022-07-16 18:06:12	","	2022-07-16 18:06:12	","	197257886	","	223945300	","	53746342	","	examscore	",1727
"","	2022-07-16 18:06:12	","	2022-07-16 18:06:12	","	2022-07-16 18:06:12	","	113547253	","	223945300	","	53746342	","	piyueexam	",1727
"","	2022-07-16 18:08:13	","	2022-07-16 18:08:13	","	2022-07-16 18:08:13	","	197259586	","	223945300	","	53746342	","	examscore	",1727
"","	2022-07-16 18:08:13	","	2022-07-16 18:08:13	","	2022-07-16 18:08:13	","	113547253	","	223945300	","	53746342	","	piyueexam	",1727
"","	2022-07-16 18:10:01	","	2022-07-16 18:10:01	","	2022-07-16 18:10:01	","	197256921	","	223945300	","	53746342	","	examscore	",1727
"","	2022-07-16 18:10:01	","	2022-07-16 18:10:01	","	2022-07-16 18:10:01	","	113547253	","	223945300	","	53746342	","	piyueexam	",1727
"","	2022-07-16 18:12:23	","	2022-07-16 18:12:23	","	2022-07-16 18:12:23	","	197259971	","	223945300	","	53746342	","	examscore	",1727
"","	2022-07-16 18:12:23	","	2022-07-16 18:12:23	","	2022-07-16 18:12:23	","	113547253	","	223945300	","	53746342	","	piyueexam	",1727
"","	2022-07-16 18:15:33	","	2022-07-16 18:15:33	","	2022-07-16 18:15:33	","	197258830	","	223945300	","	53746342	","	accesslog	",1727
"","	2022-07-16 19:02:35	","	2022-07-16 19:02:35	","	2022-07-16 19:02:35	","	197258081	","	223945300	","	53746342	","	examscore	",1727
"","	2022-07-16 19:02:35	","	2022-07-16 19:02:35	","	2022-07-16 19:02:35	","	113547253	","	223945300	","	53746342	","	piyueexam	",1727
"","	2022-07-16 19:02:45	","	2022-07-16 19:02:45	","	2022-07-16 19:02:45	","	197258830	","	223945300	","	53746342	","	examscore	",1727
"","	2022-07-16 19:02:45	","	2022-07-16 19:02:45	","	2022-07-16 19:02:45	","	113547253	","	223945300	","	53746342	","	piyueexam	",1727
"","	2022-07-16 19:03:59	","	2022-07-16 19:03:59	","	2022-07-16 19:03:59	","	197257111	","	223945300	","	53746342	","	examscore	",1727
"","	2022-07-16 19:03:59	","	2022-07-16 19:03:59	","	2022-07-16 19:03:59	","	113547253	","	223945300	","	53746342	","	piyueexam	",1727
"","	2022-07-16 19:04:15	","	2022-07-16 19:04:15	","	2022-07-16 19:04:15	","	197261324	","	223945300	","	53746342	","	examscore	",1727
"","	2022-07-16 19:04:15	","	2022-07-16 19:04:15	","	2022-07-16 19:04:15	","	113547253	","	223945300	","	53746342	","	piyueexam	",1727
"","	2022-07-16 19:04:42	","	2022-07-16 19:04:42	","	2022-07-16 19:04:42	","	197254415	","	223945300	","	53746342	","	examscore	",1727
"","	2022-07-16 19:04:42	","	2022-07-16 19:04:42	","	2022-07-16 19:04:42	","	113547253	","	223945300	","	53746342	","	piyueexam	",1727
"","	2022-07-16 19:07:37	","	2022-07-16 19:07:37	","	2022-07-16 19:07:37	","	197258081	","	223945300	","	53746342	","	examscore	",1727
"","	2022-07-16 19:07:37	","	2022-07-16 19:07:37	","	2022-07-16 19:07:37	","	113547253	","	223945300	","	53746342	","	piyueexam	",1727
"","	2022-07-16 19:07:49	","	2022-07-16 19:07:49	","	2022-07-16 19:07:49	","	197254415	","	223945300	","	53746342	","	examscore	",1727
"","	2022-07-16 19:07:49	","	2022-07-16 19:07:49	","	2022-07-16 19:07:49	","	113547253	","	223945300	","	53746342	","	piyueexam	",1727
"","	2022-07-17 22:52:12	","	2022-07-17 22:52:12	","	2022-07-17 22:52:12	","	197687502	","	224894458	","	55799908	","	examscore	",1727
"","	2022-07-17 22:52:12	","	2022-07-17 22:52:12	","	2022-07-17 22:52:12	","	147376715	","	224894458	","	55799908	","	piyueexam	",1727
"","	2022-07-17 22:54:27	","	2022-07-17 22:54:27	","	2022-07-17 22:54:27	","	197686607	","	224894458	","	55799908	","	examscore	",1727
"","	2022-07-17 22:54:27	","	2022-07-17 22:54:27	","	2022-07-17 22:54:27	","	147376715	","	224894458	","	55799908	","	piyueexam	",1727
"","	2022-07-17 22:54:38	","	2022-07-17 22:54:38	","	2022-07-17 22:54:38	","	197688027	","	224894458	","	55799908	","	examscore	",1727
"","	2022-07-17 22:54:38	","	2022-07-17 22:54:38	","	2022-07-17 22:54:38	","	147376715	","	224894458	","	55799908	","	piyueexam	",1727
"","	2022-07-17 22:55:54	","	2022-07-17 22:55:54	","	2022-07-17 22:55:54	","	197688081	","	224894458	","	55799908	","	examscore	",1727
"","	2022-07-17 22:55:54	","	2022-07-17 22:55:54	","	2022-07-17 22:55:54	","	147376715	","	224894458	","	55799908	","	piyueexam	",1727
"","	2022-07-17 22:57:11	","	2022-07-17 22:57:11	","	2022-07-17 22:57:11	","	197688172	","	224894458	","	55799908	","	examscore	",1727
"","	2022-07-17 22:57:11	","	2022-07-17 22:57:11	","	2022-07-17 22:57:11	","	147376715	","	224894458	","	55799908	","	piyueexam	",1727
"","	2022-07-17 22:57:50	","	2022-07-17 22:57:50	","	2022-07-17 22:57:50	","	197688226	","	224894458	","	55799908	","	examscore	",1727
"","	2022-07-17 22:57:50	","	2022-07-17 22:57:50	","	2022-07-17 22:57:50	","	147376715	","	224894458	","	55799908	","	piyueexam	",1727
"","	2022-07-17 22:57:58	","	2022-07-17 22:57:58	","	2022-07-17 22:57:58	","	197688244	","	224894458	","	55799908	","	examscore	",1727
"","	2022-07-17 22:57:58	","	2022-07-17 22:57:58	","	2022-07-17 22:57:58	","	147376715	","	224894458	","	55799908	","	piyueexam	",1727
"","	2022-07-17 22:59:12	","	2022-07-17 22:59:12	","	2022-07-17 22:59:12	","	197688280	","	224894458	","	55799908	","	examscore	",1727
"","	2022-07-17 22:59:12	","	2022-07-17 22:59:12	","	2022-07-17 22:59:12	","	147376715	","	224894458	","	55799908	","	piyueexam	",1727
"","	2022-07-17 22:59:29	","	2022-07-17 22:59:29	","	2022-07-17 22:59:29	","	197688316	","	224894458	","	55799908	","	examscore	",1727
"","	2022-07-17 22:59:29	","	2022-07-17 22:59:29	","	2022-07-17 22:59:29	","	147376715	","	224894458	","	55799908	","	piyueexam	",1727
"","	2022-07-17 22:59:57	","	2022-07-17 22:59:57	","	2022-07-17 22:59:57	","	197688334	","	224894458	","	55799908	","	examscore	",1727
"","	2022-07-17 22:59:57	","	2022-07-17 22:59:57	","	2022-07-17 22:59:57	","	147376715	","	224894458	","	55799908	","	piyueexam	",1727
"","	2022-07-17 23:00:03	","	2022-07-17 23:00:03	","	2022-07-17 23:00:03	","	197689303	","	224894458	","	55799908	","	examscore	",1727
"","	2022-07-17 23:00:03	","	2022-07-17 23:00:03	","	2022-07-17 23:00:03	","	147376715	","	224894458	","	55799908	","	piyueexam	",1727
"","	2022-07-17 23:00:10	","	2022-07-17 23:00:10	","	2022-07-17 23:00:10	","	197689096	","	224894458	","	55799908	","	examscore	",1727
"","	2022-07-17 23:00:10	","	2022-07-17 23:00:10	","	2022-07-17 23:00:10	","	147376715	","	224894458	","	55799908	","	piyueexam	",1727
"","	2022-07-17 23:00:25	","	2022-07-17 23:00:25	","	2022-07-17 23:00:25	","	197689115	","	224894458	","	55799908	","	examscore	",1727
"","	2022-07-17 23:00:25	","	2022-07-17 23:00:25	","	2022-07-17 23:00:25	","	147376715	","	224894458	","	55799908	","	piyueexam	",1727
"","	2022-07-17 23:01:40	","	2022-07-17 23:01:40	","	2022-07-17 23:01:40	","	197689172	","	224894458	","	55799908	","	examscore	",1727
"","	2022-07-17 23:01:40	","	2022-07-17 23:01:40	","	2022-07-17 23:01:40	","	147376715	","	224894458	","	55799908	","	piyueexam	",1727
"","	2022-07-17 23:01:47	","	2022-07-17 23:01:47	","	2022-07-17 23:01:47	","	197685924	","	224894458	","	55799908	","	examscore	",1727
"","	2022-07-17 23:01:47	","	2022-07-17 23:01:47	","	2022-07-17 23:01:47	","	147376715	","	224894458	","	55799908	","	piyueexam	",1727
"","	2022-07-17 23:02:11	","	2022-07-17 23:02:11	","	2022-07-17 23:02:11	","	197685942	","	224894458	","	55799908	","	examscore	",1727
"","	2022-07-17 23:02:11	","	2022-07-17 23:02:11	","	2022-07-17 23:02:11	","	147376715	","	224894458	","	55799908	","	piyueexam	",1727
"","	2022-07-17 23:02:49	","	2022-07-17 23:02:49	","	2022-07-17 23:02:49	","	197685960	","	224894458	","	55799908	","	examscore	",1727
"","	2022-07-17 23:02:49	","	2022-07-17 23:02:49	","	2022-07-17 23:02:49	","	147376715	","	224894458	","	55799908	","	piyueexam	",1727
"","	2022-07-17 23:02:58	","	2022-07-17 23:02:58	","	2022-07-17 23:02:58	","	197685978	","	224894458	","	55799908	","	examscore	",1727
"","	2022-07-17 23:02:58	","	2022-07-17 23:02:58	","	2022-07-17 23:02:58	","	147376715	","	224894458	","	55799908	","	piyueexam	",1727
"","	2022-07-17 23:03:13	","	2022-07-17 23:03:13	","	2022-07-17 23:03:13	","	197688247	","	224894458	","	55799908	","	examscore	",1727
"","	2022-07-17 23:03:13	","	2022-07-17 23:03:13	","	2022-07-17 23:03:13	","	147376715	","	224894458	","	55799908	","	piyueexam	",1727
"","	2022-07-17 23:03:48	","	2022-07-17 23:03:48	","	2022-07-17 23:03:48	","	197688827	","	224894458	","	55799908	","	examscore	",1727
"","	2022-07-17 23:03:48	","	2022-07-17 23:03:48	","	2022-07-17 23:03:48	","	147376715	","	224894458	","	55799908	","	piyueexam	",1727
"","	2022-07-17 23:08:02	","	2022-07-17 23:08:02	","	2022-07-17 23:08:02	","	197686535	","	224894458	","	55799908	","	examscore	",1727
"","	2022-07-17 23:08:02	","	2022-07-17 23:08:02	","	2022-07-17 23:08:02	","	147376715	","	224894458	","	55799908	","	piyueexam	",1727
"","	2022-07-17 23:09:31	","	2022-07-17 23:09:31	","	2022-07-17 23:09:31	","	197685618	","	224894458	","	55799908	","	examscore	",1727
"","	2022-07-17 23:09:31	","	2022-07-17 23:09:31	","	2022-07-17 23:09:31	","	147376715	","	224894458	","	55799908	","	piyueexam	",1727
"","	2022-07-17 23:09:47	","	2022-07-17 23:09:47	","	2022-07-17 23:09:47	","	197688339	","	224894458	","	55799908	","	examscore	",1727
"","	2022-07-17 23:09:47	","	2022-07-17 23:09:47	","	2022-07-17 23:09:47	","	147376715	","	224894458	","	55799908	","	piyueexam	",1727
"","	2022-07-17 23:10:04	","	2022-07-17 23:10:04	","	2022-07-17 23:10:04	","	197688357	","	224894458	","	55799908	","	examscore	",1727
"","	2022-07-17 23:10:04	","	2022-07-17 23:10:04	","	2022-07-17 23:10:04	","	147376715	","	224894458	","	55799908	","	piyueexam	",1727
"","	2022-07-17 23:10:18	","	2022-07-17 23:10:18	","	2022-07-17 23:10:18	","	197686489	","	224894458	","	55799908	","	examscore	",1727
"","	2022-07-17 23:10:18	","	2022-07-17 23:10:18	","	2022-07-17 23:10:18	","	147376715	","	224894458	","	55799908	","	piyueexam	",1727
"","	2022-07-17 23:10:25	","	2022-07-17 23:10:25	","	2022-07-17 23:10:25	","	197686524	","	224894458	","	55799908	","	examscore	",1727
"","	2022-07-17 23:10:25	","	2022-07-17 23:10:25	","	2022-07-17 23:10:25	","	147376715	","	224894458	","	55799908	","	piyueexam	",1727
"","	2022-07-17 23:10:53	","	2022-07-17 23:10:53	","	2022-07-17 23:10:53	","	147376715	","	224894458	","	55799908	","	piyueexam	",1727
"","	2022-07-17 23:10:53	","	2022-07-17 23:10:53	","	2022-07-17 23:10:53	","	197686542	","	224894458	","	55799908	","	examscore	",1727
"","	2022-07-17 23:11:13	","	2022-07-17 23:11:13	","	2022-07-17 23:11:13	","	197689389	","	224894458	","	55799908	","	examscore	",1727
"","	2022-07-17 23:11:13	","	2022-07-17 23:11:13	","	2022-07-17 23:11:13	","	147376715	","	224894458	","	55799908	","	piyueexam	",1727
"","	2022-07-17 23:11:20	","	2022-07-17 23:11:20	","	2022-07-17 23:11:20	","	197689408	","	224894458	","	55799908	","	examscore	",1727
"","	2022-07-17 23:11:20	","	2022-07-17 23:11:20	","	2022-07-17 23:11:20	","	147376715	","	224894458	","	55799908	","	piyueexam	",1727
"","	2022-07-17 23:11:26	","	2022-07-17 23:11:26	","	2022-07-17 23:11:26	","	197689483	","	224894458	","	55799908	","	examscore	",1727
"","	2022-07-17 23:11:26	","	2022-07-17 23:11:26	","	2022-07-17 23:11:26	","	147376715	","	224894458	","	55799908	","	piyueexam	",1727
"","	2022-07-17 23:12:17	","	2022-07-17 23:12:17	","	2022-07-17 23:12:17	","	197684987	","	224894458	","	55799908	","	examscore	",1727
"","	2022-07-17 23:12:17	","	2022-07-17 23:12:17	","	2022-07-17 23:12:17	","	147376715	","	224894458	","	55799908	","	piyueexam	",1727
"","	2022-07-17 23:12:54	","	2022-07-17 23:12:54	","	2022-07-17 23:12:54	","	197685045	","	224894458	","	55799908	","	examscore	",1727
"","	2022-07-17 23:12:54	","	2022-07-17 23:12:54	","	2022-07-17 23:12:54	","	147376715	","	224894458	","	55799908	","	piyueexam	",1727
"","	2022-07-17 23:13:36	","	2022-07-17 23:13:36	","	2022-07-17 23:13:36	","	197688145	","	224894458	","	55799908	","	examscore	",1727
"","	2022-07-17 23:13:36	","	2022-07-17 23:13:36	","	2022-07-17 23:13:36	","	147376715	","	224894458	","	55799908	","	piyueexam	",1727
"","	2022-07-17 23:13:47	","	2022-07-17 23:13:47	","	2022-07-17 23:13:47	","	197688181	","	224894458	","	55799908	","	examscore	",1727
"","	2022-07-17 23:13:47	","	2022-07-17 23:13:47	","	2022-07-17 23:13:47	","	147376715	","	224894458	","	55799908	","	piyueexam	",1727
"","	2022-07-17 23:14:18	","	2022-07-17 23:14:18	","	2022-07-17 23:14:18	","	197688199	","	224894458	","	55799908	","	examscore	",1727
"","	2022-07-17 23:14:18	","	2022-07-17 23:14:18	","	2022-07-17 23:14:18	","	147376715	","	224894458	","	55799908	","	piyueexam	",1727
"","	2022-07-17 23:14:26	","	2022-07-17 23:14:26	","	2022-07-17 23:14:26	","	197688554	","	224894458	","	55799908	","	examscore	",1727
"","	2022-07-17 23:14:26	","	2022-07-17 23:14:26	","	2022-07-17 23:14:26	","	147376715	","	224894458	","	55799908	","	piyueexam	",1727
"","	2022-07-17 23:15:07	","	2022-07-17 23:15:07	","	2022-07-17 23:15:07	","	197686470	","	224894458	","	55799908	","	examscore	",1727
"","	2022-07-17 23:15:07	","	2022-07-17 23:15:07	","	2022-07-17 23:15:07	","	147376715	","	224894458	","	55799908	","	piyueexam	",1727
"","	2022-07-17 23:15:18	","	2022-07-17 23:15:18	","	2022-07-17 23:15:18	","	197686283	","	224894458	","	55799908	","	examscore	",1727
"","	2022-07-17 23:15:18	","	2022-07-17 23:15:18	","	2022-07-17 23:15:18	","	147376715	","	224894458	","	55799908	","	piyueexam	",1727
"","	2022-07-17 23:15:47	","	2022-07-17 23:15:47	","	2022-07-17 23:15:47	","	197686428	","	224894458	","	55799908	","	examscore	",1727
"","	2022-07-17 23:15:47	","	2022-07-17 23:15:47	","	2022-07-17 23:15:47	","	147376715	","	224894458	","	55799908	","	piyueexam	",1727
"","	2022-07-17 23:15:55	","	2022-07-17 23:15:55	","	2022-07-17 23:15:55	","	197686482	","	224894458	","	55799908	","	examscore	",1727
"","	2022-07-17 23:15:55	","	2022-07-17 23:15:55	","	2022-07-17 23:15:55	","	147376715	","	224894458	","	55799908	","	piyueexam	",1727
"","	2022-07-17 23:19:30	","	2022-07-17 23:19:30	","	2022-07-17 23:19:30	","	197685580	","	224894458	","	55799908	","	examscore	",1727
"","	2022-07-17 23:19:30	","	2022-07-17 23:19:30	","	2022-07-17 23:19:30	","	147376715	","	224894458	","	55799908	","	piyueexam	",1727
"","	2022-07-17 23:19:39	","	2022-07-17 23:19:39	","	2022-07-17 23:19:39	","	197685738	","	224894458	","	55799908	","	examscore	",1727
"","	2022-07-17 23:19:39	","	2022-07-17 23:19:39	","	2022-07-17 23:19:39	","	147376715	","	224894458	","	55799908	","	piyueexam	",1727
"","	2022-07-17 23:20:11	","	2022-07-17 23:20:11	","	2022-07-17 23:20:11	","	197685756	","	224894458	","	55799908	","	examscore	",1727
"","	2022-07-17 23:20:11	","	2022-07-17 23:20:11	","	2022-07-17 23:20:11	","	147376715	","	224894458	","	55799908	","	piyueexam	",1727
"","	2022-07-17 23:20:19	","	2022-07-17 23:20:19	","	2022-07-17 23:20:19	","	197685774	","	224894458	","	55799908	","	examscore	",1727
"","	2022-07-17 23:20:19	","	2022-07-17 23:20:19	","	2022-07-17 23:20:19	","	147376715	","	224894458	","	55799908	","	piyueexam	",1727
"","	2022-07-17 23:20:57	","	2022-07-17 23:20:57	","	2022-07-17 23:20:57	","	197686799	","	224894458	","	55799908	","	examscore	",1727
"","	2022-07-17 23:20:57	","	2022-07-17 23:20:57	","	2022-07-17 23:20:57	","	147376715	","	224894458	","	55799908	","	piyueexam	",1727
"","	2022-07-17 23:21:58	","	2022-07-17 23:21:58	","	2022-07-17 23:21:58	","	197686817	","	224894458	","	55799908	","	examscore	",1727
"","	2022-07-17 23:21:58	","	2022-07-17 23:21:58	","	2022-07-17 23:21:58	","	147376715	","	224894458	","	55799908	","	piyueexam	",1727
"","	2022-07-17 23:22:35	","	2022-07-17 23:22:35	","	2022-07-17 23:22:35	","	147376715	","	224894458	","	55799908	","	piyueexam	",1727
"","	2022-07-17 23:22:35	","	2022-07-17 23:22:35	","	2022-07-17 23:22:35	","	197685935	","	224894458	","	55799908	","	examscore	",1727
"","	2022-07-17 23:22:46	","	2022-07-17 23:22:46	","	2022-07-17 23:22:46	","	197686847	","	224894458	","	55799908	","	examscore	",1727
"","	2022-07-17 23:22:46	","	2022-07-17 23:22:46	","	2022-07-17 23:22:46	","	147376715	","	224894458	","	55799908	","	piyueexam	",1727
"","	2022-07-17 23:23:09	","	2022-07-17 23:23:09	","	2022-07-17 23:23:09	","	197686940	","	224894458	","	55799908	","	examscore	",1727
"","	2022-07-17 23:23:09	","	2022-07-17 23:23:09	","	2022-07-17 23:23:09	","	147376715	","	224894458	","	55799908	","	piyueexam	",1727
"","	2022-07-17 23:23:18	","	2022-07-17 23:23:18	","	2022-07-17 23:23:18	","	197686996	","	224894458	","	55799908	","	examscore	",1727
"","	2022-07-17 23:23:18	","	2022-07-17 23:23:18	","	2022-07-17 23:23:18	","	147376715	","	224894458	","	55799908	","	piyueexam	",1727
"","	2022-07-17 23:23:30	","	2022-07-17 23:23:30	","	2022-07-17 23:23:30	","	197687014	","	224894458	","	55799908	","	examscore	",1727
"","	2022-07-17 23:23:30	","	2022-07-17 23:23:30	","	2022-07-17 23:23:30	","	147376715	","	224894458	","	55799908	","	piyueexam	",1727
"","	2022-07-17 23:24:03	","	2022-07-17 23:24:03	","	2022-07-17 23:24:03	","	197686438	","	224894458	","	55799908	","	examscore	",1727
"","	2022-07-17 23:24:03	","	2022-07-17 23:24:03	","	2022-07-17 23:24:03	","	147376715	","	224894458	","	55799908	","	piyueexam	",1727
"","	2022-07-17 23:24:12	","	2022-07-17 23:24:12	","	2022-07-17 23:24:12	","	197686819	","	224894458	","	55799908	","	examscore	",1727
"","	2022-07-17 23:24:12	","	2022-07-17 23:24:12	","	2022-07-17 23:24:12	","	147376715	","	224894458	","	55799908	","	piyueexam	",1727
"","	2022-07-17 23:24:18	","	2022-07-17 23:24:18	","	2022-07-17 23:24:18	","	197686844	","	224894458	","	55799908	","	examscore	",1727
"","	2022-07-17 23:24:18	","	2022-07-17 23:24:18	","	2022-07-17 23:24:18	","	147376715	","	224894458	","	55799908	","	piyueexam	",1727
"","	2022-07-17 23:24:28	","	2022-07-17 23:24:28	","	2022-07-17 23:24:28	","	197688800	","	224894458	","	55799908	","	examscore	",1727
"","	2022-07-17 23:24:28	","	2022-07-17 23:24:28	","	2022-07-17 23:24:28	","	147376715	","	224894458	","	55799908	","	piyueexam	",1727
"","	2022-07-17 23:25:02	","	2022-07-17 23:25:02	","	2022-07-17 23:25:02	","	197688928	","	224894458	","	55799908	","	examscore	",1727
"","	2022-07-17 23:25:02	","	2022-07-17 23:25:02	","	2022-07-17 23:25:02	","	147376715	","	224894458	","	55799908	","	piyueexam	",1727
"","	2022-07-17 23:25:17	","	2022-07-17 23:25:17	","	2022-07-17 23:25:17	","	197685267	","	224894458	","	55799908	","	examscore	",1727
"","	2022-07-17 23:25:17	","	2022-07-17 23:25:17	","	2022-07-17 23:25:17	","	147376715	","	224894458	","	55799908	","	piyueexam	",1727
"","	2022-07-17 23:25:53	","	2022-07-17 23:25:53	","	2022-07-17 23:25:53	","	197685400	","	224894458	","	55799908	","	examscore	",1727
"","	2022-07-17 23:25:53	","	2022-07-17 23:25:53	","	2022-07-17 23:25:53	","	147376715	","	224894458	","	55799908	","	piyueexam	",1727
"","	2022-07-17 23:26:00	","	2022-07-17 23:26:00	","	2022-07-17 23:26:00	","	197685501	","	224894458	","	55799908	","	examscore	",1727
"","	2022-07-17 23:26:00	","	2022-07-17 23:26:00	","	2022-07-17 23:26:00	","	147376715	","	224894458	","	55799908	","	piyueexam	",1727
"","	2022-07-17 23:26:10	","	2022-07-17 23:26:10	","	2022-07-17 23:26:10	","	197685522	","	224894458	","	55799908	","	examscore	",1727
"","	2022-07-17 23:26:10	","	2022-07-17 23:26:10	","	2022-07-17 23:26:10	","	147376715	","	224894458	","	55799908	","	piyueexam	",1727
"","	2022-07-18 00:23:38	","	2022-07-18 00:23:38	","	2022-07-18 00:23:38	","	197687520	","	224894458	","	55799904	","	examscore	",1727
"","	2022-07-18 00:23:38	","	2022-07-18 00:23:38	","	2022-07-18 00:23:38	","	147376715	","	224894458	","	55799904	","	piyueexam	",1727
"","	2022-07-18 00:33:19	","	2022-07-18 00:33:19	","	2022-07-18 00:33:19	","	197688217	","	224894458	","	55799904	","	examscore	",1727
"","	2022-07-18 00:33:19	","	2022-07-18 00:33:19	","	2022-07-18 00:33:19	","	147376715	","	224894458	","	55799904	","	piyueexam	",1727
"","	2022-07-18 00:34:37	","	2022-07-18 00:34:37	","	2022-07-18 00:34:37	","	197688108	","	224894458	","	55799904	","	examscore	",1727
"","	2022-07-18 00:34:37	","	2022-07-18 00:34:37	","	2022-07-18 00:34:37	","	147376715	","	224894458	","	55799904	","	piyueexam	",1727
"","	2022-07-18 00:34:57	","	2022-07-18 00:34:57	","	2022-07-18 00:34:57	","	197688127	","	224894458	","	55799904	","	examscore	",1727
"","	2022-07-18 00:34:57	","	2022-07-18 00:34:57	","	2022-07-18 00:34:57	","	147376715	","	224894458	","	55799904	","	piyueexam	",1727
"","	2022-07-18 00:36:28	","	2022-07-18 00:36:28	","	2022-07-18 00:36:28	","	197688163	","	224894458	","	55799904	","	examscore	",1727
"","	2022-07-18 00:36:28	","	2022-07-18 00:36:28	","	2022-07-18 00:36:28	","	147376715	","	224894458	","	55799904	","	piyueexam	",1727
"","	2022-07-18 00:36:36	","	2022-07-18 00:36:36	","	2022-07-18 00:36:36	","	197688518	","	224894458	","	55799904	","	examscore	",1727
"","	2022-07-18 00:36:36	","	2022-07-18 00:36:36	","	2022-07-18 00:36:36	","	147376715	","	224894458	","	55799904	","	piyueexam	",1727
"","	2022-07-18 00:37:35	","	2022-07-18 00:37:35	","	2022-07-18 00:37:35	","	197688536	","	224894458	","	55799904	","	examscore	",1727
"","	2022-07-18 00:37:35	","	2022-07-18 00:37:35	","	2022-07-18 00:37:35	","	147376715	","	224894458	","	55799904	","	piyueexam	",1727
"","	2022-07-18 00:41:33	","	2022-07-18 00:41:33	","	2022-07-18 00:41:33	","	197688572	","	224894458	","	55799904	","	examscore	",1727
"","	2022-07-18 00:41:33	","	2022-07-18 00:41:33	","	2022-07-18 00:41:33	","	147376715	","	224894458	","	55799904	","	piyueexam	",1727
"","	2022-07-18 00:41:59	","	2022-07-18 00:41:59	","	2022-07-18 00:41:59	","	197686434	","	224894458	","	55799904	","	examscore	",1727
"","	2022-07-18 00:41:59	","	2022-07-18 00:41:59	","	2022-07-18 00:41:59	","	147376715	","	224894458	","	55799904	","	piyueexam	",1727
"","	2022-07-18 00:42:10	","	2022-07-18 00:42:10	","	2022-07-18 00:42:10	","	197686301	","	224894458	","	55799904	","	examscore	",1727
"","	2022-07-18 00:42:10	","	2022-07-18 00:42:10	","	2022-07-18 00:42:10	","	147376715	","	224894458	","	55799904	","	piyueexam	",1727
"","	2022-07-18 00:42:21	","	2022-07-18 00:42:21	","	2022-07-18 00:42:21	","	197686319	","	224894458	","	55799904	","	examscore	",1727
"","	2022-07-18 00:42:21	","	2022-07-18 00:42:21	","	2022-07-18 00:42:21	","	147376715	","	224894458	","	55799904	","	piyueexam	",1727
"","	2022-07-18 00:43:26	","	2022-07-18 00:43:26	","	2022-07-18 00:43:26	","	197686337	","	224894458	","	55799904	","	examscore	",1727
"","	2022-07-18 00:43:26	","	2022-07-18 00:43:26	","	2022-07-18 00:43:26	","	147376715	","	224894458	","	55799904	","	piyueexam	",1727
"","	2022-07-18 00:44:18	","	2022-07-18 00:44:18	","	2022-07-18 00:44:18	","	197686355	","	224894458	","	55799904	","	examscore	",1727
"","	2022-07-18 00:44:18	","	2022-07-18 00:44:18	","	2022-07-18 00:44:18	","	147376715	","	224894458	","	55799904	","	piyueexam	",1727
"","	2022-07-18 00:44:37	","	2022-07-18 00:44:37	","	2022-07-18 00:44:37	","	197686464	","	224894458	","	55799904	","	examscore	",1727
"","	2022-07-18 00:44:37	","	2022-07-18 00:44:37	","	2022-07-18 00:44:37	","	147376715	","	224894458	","	55799904	","	piyueexam	",1727
"","	2022-07-18 00:45:09	","	2022-07-18 00:45:09	","	2022-07-18 00:45:09	","	197686500	","	224894458	","	55799904	","	examscore	",1727
"","	2022-07-18 00:45:09	","	2022-07-18 00:45:09	","	2022-07-18 00:45:09	","	147376715	","	224894458	","	55799904	","	piyueexam	",1727
"","	2022-07-18 00:46:27	","	2022-07-18 00:46:27	","	2022-07-18 00:46:27	","	197686518	","	224894458	","	55799904	","	examscore	",1727
"","	2022-07-18 00:46:27	","	2022-07-18 00:46:27	","	2022-07-18 00:46:27	","	147376715	","	224894458	","	55799904	","	piyueexam	",1727
"","	2022-07-18 00:47:28	","	2022-07-18 00:47:28	","	2022-07-18 00:47:28	","	197686571	","	224894458	","	55799904	","	examscore	",1727
"","	2022-07-18 00:47:28	","	2022-07-18 00:47:28	","	2022-07-18 00:47:28	","	147376715	","	224894458	","	55799904	","	piyueexam	",1727
"","	2022-07-18 00:47:42	","	2022-07-18 00:47:42	","	2022-07-18 00:47:42	","	197687991	","	224894458	","	55799904	","	examscore	",1727
"","	2022-07-18 00:47:42	","	2022-07-18 00:47:42	","	2022-07-18 00:47:42	","	147376715	","	224894458	","	55799904	","	piyueexam	",1727
"","	2022-07-18 00:48:23	","	2022-07-18 00:48:23	","	2022-07-18 00:48:23	","	197688063	","	224894458	","	55799904	","	examscore	",1727
"","	2022-07-18 00:48:23	","	2022-07-18 00:48:23	","	2022-07-18 00:48:23	","	147376715	","	224894458	","	55799904	","	piyueexam	",1727
"","	2022-07-18 00:50:22	","	2022-07-18 00:50:22	","	2022-07-18 00:50:22	","	197688099	","	224894458	","	55799904	","	examscore	",1727
"","	2022-07-18 00:50:22	","	2022-07-18 00:50:22	","	2022-07-18 00:50:22	","	147376715	","	224894458	","	55799904	","	piyueexam	",1727
"","	2022-07-18 00:50:32	","	2022-07-18 00:50:32	","	2022-07-18 00:50:32	","	197688118	","	224894458	","	55799904	","	examscore	",1727
"","	2022-07-18 00:50:32	","	2022-07-18 00:50:32	","	2022-07-18 00:50:32	","	147376715	","	224894458	","	55799904	","	piyueexam	",1727
"","	2022-07-18 00:51:14	","	2022-07-18 00:51:14	","	2022-07-18 00:51:14	","	197688770	","	224894458	","	55799904	","	examscore	",1727
"","	2022-07-18 00:51:14	","	2022-07-18 00:51:14	","	2022-07-18 00:51:14	","	147376715	","	224894458	","	55799904	","	piyueexam	",1727
"","	2022-07-18 00:51:25	","	2022-07-18 00:51:25	","	2022-07-18 00:51:25	","	197688789	","	224894458	","	55799904	","	examscore	",1727
"","	2022-07-18 00:51:25	","	2022-07-18 00:51:25	","	2022-07-18 00:51:25	","	147376715	","	224894458	","	55799904	","	piyueexam	",1727
"","	2022-07-18 00:53:19	","	2022-07-18 00:53:19	","	2022-07-18 00:53:19	","	197688229	","	224894458	","	55799904	","	examscore	",1727
"","	2022-07-18 00:53:19	","	2022-07-18 00:53:19	","	2022-07-18 00:53:19	","	147376715	","	224894458	","	55799904	","	piyueexam	",1727
"","	2022-07-18 00:53:38	","	2022-07-18 00:53:38	","	2022-07-18 00:53:38	","	197688136	","	224894458	","	55799904	","	examscore	",1727
"","	2022-07-18 00:53:38	","	2022-07-18 00:53:38	","	2022-07-18 00:53:38	","	147376715	","	224894458	","	55799904	","	piyueexam	",1727
"","	2022-07-18 00:53:49	","	2022-07-18 00:53:49	","	2022-07-18 00:53:49	","	197688154	","	224894458	","	55799904	","	examscore	",1727
"","	2022-07-18 00:53:49	","	2022-07-18 00:53:49	","	2022-07-18 00:53:49	","	147376715	","	224894458	","	55799904	","	piyueexam	",1727
"","	2022-07-18 00:55:52	","	2022-07-18 00:55:52	","	2022-07-18 00:55:52	","	197688208	","	224894458	","	55799904	","	examscore	",1727
"","	2022-07-18 00:55:52	","	2022-07-18 00:55:52	","	2022-07-18 00:55:52	","	147376715	","	224894458	","	55799904	","	piyueexam	",1727
"","	2022-07-18 00:56:38	","	2022-07-18 00:56:38	","	2022-07-18 00:56:38	","	197688262	","	224894458	","	55799904	","	examscore	",1727
"","	2022-07-18 00:56:38	","	2022-07-18 00:56:38	","	2022-07-18 00:56:38	","	147376715	","	224894458	","	55799904	","	piyueexam	",1727
"","	2022-07-18 00:57:42	","	2022-07-18 00:57:42	","	2022-07-18 00:57:42	","	197688298	","	224894458	","	55799904	","	examscore	",1727
"","	2022-07-18 00:57:42	","	2022-07-18 00:57:42	","	2022-07-18 00:57:42	","	147376715	","	224894458	","	55799904	","	piyueexam	",1727
"","	2022-07-18 01:26:11	","	2022-07-18 01:26:11	","	2022-07-18 01:26:11	","	197688352	","	224894458	","	55799904	","	examscore	",1727
"","	2022-07-18 01:26:11	","	2022-07-18 01:26:11	","	2022-07-18 01:26:11	","	147376715	","	224894458	","	55799904	","	piyueexam	",1727
"","	2022-07-18 01:27:52	","	2022-07-18 01:27:52	","	2022-07-18 01:27:52	","	197689322	","	224894458	","	55799904	","	examscore	",1727
"","	2022-07-18 01:27:52	","	2022-07-18 01:27:52	","	2022-07-18 01:27:52	","	147376715	","	224894458	","	55799904	","	piyueexam	",1727
"","	2022-07-18 01:28:03	","	2022-07-18 01:28:03	","	2022-07-18 01:28:03	","	197689077	","	224894458	","	55799904	","	examscore	",1727
"","	2022-07-18 01:28:03	","	2022-07-18 01:28:03	","	2022-07-18 01:28:03	","	147376715	","	224894458	","	55799904	","	piyueexam	",1727
"","	2022-07-18 01:28:10	","	2022-07-18 01:28:10	","	2022-07-18 01:28:10	","	197689134	","	224894458	","	55799904	","	examscore	",1727
"","	2022-07-18 01:28:10	","	2022-07-18 01:28:10	","	2022-07-18 01:28:10	","	147376715	","	224894458	","	55799904	","	piyueexam	",1727
"","	2022-07-18 01:28:25	","	2022-07-18 01:28:25	","	2022-07-18 01:28:25	","	197689153	","	224894458	","	55799904	","	examscore	",1727
"","	2022-07-18 01:28:25	","	2022-07-18 01:28:25	","	2022-07-18 01:28:25	","	147376715	","	224894458	","	55799904	","	piyueexam	",1727
"","	2022-07-18 01:28:34	","	2022-07-18 01:28:34	","	2022-07-18 01:28:34	","	197685313	","	224894458	","	55799904	","	examscore	",1727
"","	2022-07-18 01:28:34	","	2022-07-18 01:28:34	","	2022-07-18 01:28:34	","	147376715	","	224894458	","	55799904	","	piyueexam	",1727
"","	2022-07-18 01:28:52	","	2022-07-18 01:28:52	","	2022-07-18 01:28:52	","	197685332	","	224894458	","	55799904	","	examscore	",1727
"","	2022-07-18 01:28:52	","	2022-07-18 01:28:52	","	2022-07-18 01:28:52	","	147376715	","	224894458	","	55799904	","	piyueexam	",1727
"","	2022-07-18 01:29:12	","	2022-07-18 01:29:12	","	2022-07-18 01:29:12	","	197685351	","	224894458	","	55799904	","	examscore	",1727
"","	2022-07-18 01:29:12	","	2022-07-18 01:29:12	","	2022-07-18 01:29:12	","	147376715	","	224894458	","	55799904	","	piyueexam	",1727
"","	2022-07-18 01:29:22	","	2022-07-18 01:29:22	","	2022-07-18 01:29:22	","	197685370	","	224894458	","	55799904	","	examscore	",1727
"","	2022-07-18 01:29:22	","	2022-07-18 01:29:22	","	2022-07-18 01:29:22	","	147376715	","	224894458	","	55799904	","	piyueexam	",1727
"","	2022-07-18 01:29:32	","	2022-07-18 01:29:32	","	2022-07-18 01:29:32	","	197687250	","	224894458	","	55799904	","	examscore	",1727
"","	2022-07-18 01:29:32	","	2022-07-18 01:29:32	","	2022-07-18 01:29:32	","	147376715	","	224894458	","	55799904	","	piyueexam	",1727
"","	2022-07-18 01:29:40	","	2022-07-18 01:29:40	","	2022-07-18 01:29:40	","	197687268	","	224894458	","	55799904	","	examscore	",1727
"","	2022-07-18 01:29:40	","	2022-07-18 01:29:40	","	2022-07-18 01:29:40	","	147376715	","	224894458	","	55799904	","	piyueexam	",1727
"","	2022-07-18 01:30:42	","	2022-07-18 01:30:42	","	2022-07-18 01:30:42	","	197687540	","	224894458	","	55799904	","	examscore	",1727
"","	2022-07-18 01:30:42	","	2022-07-18 01:30:42	","	2022-07-18 01:30:42	","	147376715	","	224894458	","	55799904	","	piyueexam	",1727
"","	2022-07-18 01:31:08	","	2022-07-18 01:31:08	","	2022-07-18 01:31:08	","	197687576	","	224894458	","	55799904	","	examscore	",1727
"","	2022-07-18 01:31:08	","	2022-07-18 01:31:08	","	2022-07-18 01:31:08	","	147376715	","	224894458	","	55799904	","	piyueexam	",1727
"","	2022-07-18 01:31:16	","	2022-07-18 01:31:16	","	2022-07-18 01:31:16	","	197687594	","	224894458	","	55799904	","	examscore	",1727
"","	2022-07-18 01:31:16	","	2022-07-18 01:31:16	","	2022-07-18 01:31:16	","	147376715	","	224894458	","	55799904	","	piyueexam	",1727
"","	2022-07-18 01:45:58	","	2022-07-18 01:45:58	","	2022-07-18 01:45:58	","	197689293	","	224894458	","	55799904	","	examscore	",1727
"","	2022-07-18 01:45:58	","	2022-07-18 01:45:58	","	2022-07-18 01:45:58	","	147376715	","	224894458	","	55799904	","	piyueexam	",1727
"","	2022-07-18 01:46:59	","	2022-07-18 01:46:59	","	2022-07-18 01:46:59	","	197685599	","	224894458	","	55799904	","	examscore	",1727
"","	2022-07-18 01:46:59	","	2022-07-18 01:46:59	","	2022-07-18 01:46:59	","	147376715	","	224894458	","	55799904	","	piyueexam	",1727
"","	2022-07-18 01:48:40	","	2022-07-18 01:48:40	","	2022-07-18 01:48:40	","	197685637	","	224894458	","	55799904	","	examscore	",1727
"","	2022-07-18 01:48:40	","	2022-07-18 01:48:40	","	2022-07-18 01:48:40	","	147376715	","	224894458	","	55799904	","	piyueexam	",1727
"","	2022-07-18 01:48:56	","	2022-07-18 01:48:56	","	2022-07-18 01:48:56	","	197688375	","	224894458	","	55799904	","	examscore	",1727
"","	2022-07-18 01:48:56	","	2022-07-18 01:48:56	","	2022-07-18 01:48:56	","	147376715	","	224894458	","	55799904	","	piyueexam	",1727
"","	2022-07-18 01:49:05	","	2022-07-18 01:49:05	","	2022-07-18 01:49:05	","	197687854	","	224894458	","	55799904	","	examscore	",1727
"","	2022-07-18 01:49:05	","	2022-07-18 01:49:05	","	2022-07-18 01:49:05	","	147376715	","	224894458	","	55799904	","	piyueexam	",1727
"","	2022-07-18 01:50:14	","	2022-07-18 01:50:14	","	2022-07-18 01:50:14	","	197687872	","	224894458	","	55799904	","	examscore	",1727
"","	2022-07-18 01:50:14	","	2022-07-18 01:50:14	","	2022-07-18 01:50:14	","	147376715	","	224894458	","	55799904	","	piyueexam	",1727
"","	2022-07-18 01:51:05	","	2022-07-18 01:51:05	","	2022-07-18 01:51:05	","	197687890	","	224894458	","	55799904	","	examscore	",1727
"","	2022-07-18 01:51:05	","	2022-07-18 01:51:05	","	2022-07-18 01:51:05	","	147376715	","	224894458	","	55799904	","	piyueexam	",1727
"","	2022-07-18 01:52:02	","	2022-07-18 01:52:02	","	2022-07-18 01:52:02	","	197689351	","	224894458	","	55799904	","	examscore	",1727
"","	2022-07-18 01:52:02	","	2022-07-18 01:52:02	","	2022-07-18 01:52:02	","	147376715	","	224894458	","	55799904	","	piyueexam	",1727
"","	2022-07-18 01:52:09	","	2022-07-18 01:52:09	","	2022-07-18 01:52:09	","	197689370	","	224894458	","	55799904	","	examscore	",1727
"","	2022-07-18 01:52:09	","	2022-07-18 01:52:09	","	2022-07-18 01:52:09	","	147376715	","	224894458	","	55799904	","	piyueexam	",1727
"","	2022-07-18 01:53:02	","	2022-07-18 01:53:02	","	2022-07-18 01:53:02	","	197689427	","	224894458	","	55799904	","	examscore	",1727
"","	2022-07-18 01:53:02	","	2022-07-18 01:53:02	","	2022-07-18 01:53:02	","	147376715	","	224894458	","	55799904	","	piyueexam	",1727
"","	2022-07-18 01:53:21	","	2022-07-18 01:53:21	","	2022-07-18 01:53:21	","	197689446	","	224894458	","	55799904	","	examscore	",1727
"","	2022-07-18 01:53:21	","	2022-07-18 01:53:21	","	2022-07-18 01:53:21	","	147376715	","	224894458	","	55799904	","	piyueexam	",1727
"","	2022-07-18 01:53:30	","	2022-07-18 01:53:30	","	2022-07-18 01:53:30	","	197689464	","	224894458	","	55799904	","	examscore	",1727
"","	2022-07-18 01:53:30	","	2022-07-18 01:53:30	","	2022-07-18 01:53:30	","	147376715	","	224894458	","	55799904	","	piyueexam	",1727
"","	2022-07-18 01:54:35	","	2022-07-18 01:54:35	","	2022-07-18 01:54:35	","	197689502	","	224894458	","	55799904	","	examscore	",1727
"","	2022-07-18 01:54:35	","	2022-07-18 01:54:35	","	2022-07-18 01:54:35	","	147376715	","	224894458	","	55799904	","	piyueexam	",1727
"","	2022-07-18 01:55:29	","	2022-07-18 01:55:29	","	2022-07-18 01:55:29	","	197689633	","	224894458	","	55799904	","	examscore	",1727
"","	2022-07-18 01:55:29	","	2022-07-18 01:55:29	","	2022-07-18 01:55:29	","	147376715	","	224894458	","	55799904	","	piyueexam	",1727
"","	2022-07-18 01:56:30	","	2022-07-18 01:56:30	","	2022-07-18 01:56:30	","	197684940	","	224894458	","	55799904	","	examscore	",1727
"","	2022-07-18 01:56:30	","	2022-07-18 01:56:30	","	2022-07-18 01:56:30	","	147376715	","	224894458	","	55799904	","	piyueexam	",1727
"","	2022-07-18 01:56:38	","	2022-07-18 01:56:38	","	2022-07-18 01:56:38	","	197685006	","	224894458	","	55799904	","	examscore	",1727
"","	2022-07-18 01:56:38	","	2022-07-18 01:56:38	","	2022-07-18 01:56:38	","	147376715	","	224894458	","	55799904	","	piyueexam	",1727
"","	2022-07-18 01:56:46	","	2022-07-18 01:56:46	","	2022-07-18 01:56:46	","	197685025	","	224894458	","	55799904	","	examscore	",1727
"","	2022-07-18 01:56:46	","	2022-07-18 01:56:46	","	2022-07-18 01:56:46	","	147376715	","	224894458	","	55799904	","	piyueexam	",1727
"","	2022-07-18 01:57:13	","	2022-07-18 01:57:13	","	2022-07-18 01:57:13	","	197685102	","	224894458	","	55799904	","	examscore	",1727
"","	2022-07-18 01:57:13	","	2022-07-18 01:57:13	","	2022-07-18 01:57:13	","	147376715	","	224894458	","	55799904	","	piyueexam	",1727
"","	2022-07-18 01:57:29	","	2022-07-18 01:57:29	","	2022-07-18 01:57:29	","	197685122	","	224894458	","	55799904	","	examscore	",1727
"","	2022-07-18 01:57:29	","	2022-07-18 01:57:29	","	2022-07-18 01:57:29	","	147376715	","	224894458	","	55799904	","	piyueexam	",1727
"","	2022-07-18 01:57:38	","	2022-07-18 01:57:38	","	2022-07-18 01:57:38	","	197685141	","	224894458	","	55799904	","	examscore	",1727
"","	2022-07-18 01:57:38	","	2022-07-18 01:57:38	","	2022-07-18 01:57:38	","	147376715	","	224894458	","	55799904	","	piyueexam	",1727
"","	2022-07-18 01:58:29	","	2022-07-18 01:58:29	","	2022-07-18 01:58:29	","	197685253	","	224894458	","	55799904	","	examscore	",1727
"","	2022-07-18 01:58:29	","	2022-07-18 01:58:29	","	2022-07-18 01:58:29	","	147376715	","	224894458	","	55799904	","	piyueexam	",1727
"","	2022-07-18 02:09:15	","	2022-07-18 02:09:15	","	2022-07-18 02:09:15	","	98291775	","	224894458	","	55799904	","	examscore	",1727
"","	2022-07-18 02:09:15	","	2022-07-18 02:09:15	","	2022-07-18 02:09:15	","	147376715	","	224894458	","	55799904	","	piyueexam	",1727
"","	2022-07-18 02:09:22	","	2022-07-18 02:09:22	","	2022-07-18 02:09:22	","	197685224	","	224894458	","	55799904	","	examscore	",1727
"","	2022-07-18 02:09:22	","	2022-07-18 02:09:22	","	2022-07-18 02:09:22	","	147376715	","	224894458	","	55799904	","	piyueexam	",1727
"","	2022-07-18 02:10:07	","	2022-07-18 02:10:07	","	2022-07-18 02:10:07	","	197685149	","	224894458	","	55799904	","	examscore	",1727
"","	2022-07-18 02:10:07	","	2022-07-18 02:10:07	","	2022-07-18 02:10:07	","	147376715	","	224894458	","	55799904	","	piyueexam	",1727
"","	2022-07-18 02:10:17	","	2022-07-18 02:10:17	","	2022-07-18 02:10:17	","	197685273	","	224894458	","	55799904	","	examscore	",1727
"","	2022-07-18 02:10:17	","	2022-07-18 02:10:17	","	2022-07-18 02:10:17	","	147376715	","	224894458	","	55799904	","	piyueexam	",1727
"","	2022-07-18 02:10:36	","	2022-07-18 02:10:36	","	2022-07-18 02:10:36	","	197688291	","	224894458	","	55799904	","	examscore	",1727
"","	2022-07-18 02:10:36	","	2022-07-18 02:10:36	","	2022-07-18 02:10:36	","	147376715	","	224894458	","	55799904	","	piyueexam	",1727
"","	2022-07-18 02:10:43	","	2022-07-18 02:10:43	","	2022-07-18 02:10:43	","	197688309	","	224894458	","	55799904	","	examscore	",1727
"","	2022-07-18 02:10:43	","	2022-07-18 02:10:43	","	2022-07-18 02:10:43	","	147376715	","	224894458	","	55799904	","	piyueexam	",1727
"","	2022-07-18 02:11:07	","	2022-07-18 02:11:07	","	2022-07-18 02:11:07	","	197688345	","	224894458	","	55799904	","	examscore	",1727
"","	2022-07-18 02:11:07	","	2022-07-18 02:11:07	","	2022-07-18 02:11:07	","	147376715	","	224894458	","	55799904	","	piyueexam	",1727
"","	2022-07-18 02:12:08	","	2022-07-18 02:12:08	","	2022-07-18 02:12:08	","	197688363	","	224894458	","	55799904	","	examscore	",1727
"","	2022-07-18 02:12:08	","	2022-07-18 02:12:08	","	2022-07-18 02:12:08	","	147376715	","	224894458	","	55799904	","	piyueexam	",1727
"","	2022-07-18 02:13:04	","	2022-07-18 02:13:04	","	2022-07-18 02:13:04	","	197685168	","	224894458	","	55799904	","	examscore	",1727
"","	2022-07-18 02:13:04	","	2022-07-18 02:13:04	","	2022-07-18 02:13:04	","	147376715	","	224894458	","	55799904	","	piyueexam	",1727
"","	2022-07-18 02:13:14	","	2022-07-18 02:13:14	","	2022-07-18 02:13:14	","	197685192	","	224894458	","	55799904	","	examscore	",1727
"","	2022-07-18 02:13:14	","	2022-07-18 02:13:14	","	2022-07-18 02:13:14	","	147376715	","	224894458	","	55799904	","	piyueexam	",1727
"","	2022-07-18 02:13:22	","	2022-07-18 02:13:22	","	2022-07-18 02:13:22	","	197685662	","	224894458	","	55799904	","	examscore	",1727
"","	2022-07-18 02:13:22	","	2022-07-18 02:13:22	","	2022-07-18 02:13:22	","	147376715	","	224894458	","	55799904	","	piyueexam	",1727
"","	2022-07-18 02:13:44	","	2022-07-18 02:13:44	","	2022-07-18 02:13:44	","	197685681	","	224894458	","	55799904	","	examscore	",1727
"","	2022-07-18 02:13:44	","	2022-07-18 02:13:44	","	2022-07-18 02:13:44	","	147376715	","	224894458	","	55799904	","	piyueexam	",1727
"","	2022-07-18 02:14:52	","	2022-07-18 02:14:52	","	2022-07-18 02:14:52	","	197685719	","	224894458	","	55799904	","	examscore	",1727
"","	2022-07-18 02:14:52	","	2022-07-18 02:14:52	","	2022-07-18 02:14:52	","	147376715	","	224894458	","	55799904	","	piyueexam	",1727
"","	2022-07-18 02:15:36	","	2022-07-18 02:15:36	","	2022-07-18 02:15:36	","	197685866	","	224894458	","	55799904	","	examscore	",1727
"","	2022-07-18 02:15:36	","	2022-07-18 02:15:36	","	2022-07-18 02:15:36	","	147376715	","	224894458	","	55799904	","	piyueexam	",1727
"","	2022-07-18 02:15:45	","	2022-07-18 02:15:45	","	2022-07-18 02:15:45	","	197687247	","	224894458	","	55799904	","	examscore	",1727
"","	2022-07-18 02:15:45	","	2022-07-18 02:15:45	","	2022-07-18 02:15:45	","	147376715	","	224894458	","	55799904	","	piyueexam	",1727
"","	2022-07-18 02:15:58	","	2022-07-18 02:15:58	","	2022-07-18 02:15:58	","	197686781	","	224894458	","	55799904	","	examscore	",1727
"","	2022-07-18 02:15:58	","	2022-07-18 02:15:58	","	2022-07-18 02:15:58	","	147376715	","	224894458	","	55799904	","	piyueexam	",1727
"","	2022-07-18 02:16:08	","	2022-07-18 02:16:08	","	2022-07-18 02:16:08	","	197685953	","	224894458	","	55799904	","	examscore	",1727
"","	2022-07-18 02:16:08	","	2022-07-18 02:16:08	","	2022-07-18 02:16:08	","	147376715	","	224894458	","	55799904	","	piyueexam	",1727
"","	2022-07-18 02:21:59	","	2022-07-18 02:21:59	","	2022-07-18 02:21:59	","	197685560	","	224894458	","	55799904	","	examscore	",1727
"","	2022-07-18 02:21:59	","	2022-07-18 02:21:59	","	2022-07-18 02:21:59	","	147376715	","	224894458	","	55799904	","	piyueexam	",1727
"","	2022-07-18 02:23:11	","	2022-07-18 02:23:11	","	2022-07-18 02:23:11	","	197685272	","	224894458	","	55799904	","	examscore	",1727
"","	2022-07-18 02:23:11	","	2022-07-18 02:23:11	","	2022-07-18 02:23:11	","	147376715	","	224894458	","	55799904	","	piyueexam	",1727
"","	2022-07-18 02:25:12	","	2022-07-18 02:25:12	","	2022-07-18 02:25:12	","	197685329	","	224894458	","	55799904	","	examscore	",1727
"","	2022-07-18 02:25:12	","	2022-07-18 02:25:12	","	2022-07-18 02:25:12	","	147376715	","	224894458	","	55799904	","	piyueexam	",1727
"","	2022-07-18 02:25:20	","	2022-07-18 02:25:20	","	2022-07-18 02:25:20	","	197685348	","	224894458	","	55799904	","	examscore	",1727
"","	2022-07-18 02:25:20	","	2022-07-18 02:25:20	","	2022-07-18 02:25:20	","	147376715	","	224894458	","	55799904	","	piyueexam	",1727
"","	2022-07-18 02:25:28	","	2022-07-18 02:25:28	","	2022-07-18 02:25:28	","	197685424	","	224894458	","	55799904	","	examscore	",1727
"","	2022-07-18 02:25:28	","	2022-07-18 02:25:28	","	2022-07-18 02:25:28	","	147376715	","	224894458	","	55799904	","	piyueexam	",1727
"","	2022-07-18 02:25:54	","	2022-07-18 02:25:54	","	2022-07-18 02:25:54	","	197686822	","	224894458	","	55799904	","	examscore	",1727
"","	2022-07-18 02:25:54	","	2022-07-18 02:25:54	","	2022-07-18 02:25:54	","	147376715	","	224894458	","	55799904	","	piyueexam	",1727
"","	2022-07-18 02:26:08	","	2022-07-18 02:26:08	","	2022-07-18 02:26:08	","	197686866	","	224894458	","	55799904	","	examscore	",1727
"","	2022-07-18 02:26:08	","	2022-07-18 02:26:08	","	2022-07-18 02:26:08	","	147376715	","	224894458	","	55799904	","	piyueexam	",1727
"","	2022-07-18 02:26:28	","	2022-07-18 02:26:28	","	2022-07-18 02:26:28	","	197686884	","	224894458	","	55799904	","	examscore	",1727
"","	2022-07-18 02:26:28	","	2022-07-18 02:26:28	","	2022-07-18 02:26:28	","	147376715	","	224894458	","	55799904	","	piyueexam	",1727
"","	2022-07-18 02:27:56	","	2022-07-18 02:27:56	","	2022-07-18 02:27:56	","	197686958	","	224894458	","	55799904	","	examscore	",1727
"","	2022-07-18 02:27:56	","	2022-07-18 02:27:56	","	2022-07-18 02:27:56	","	147376715	","	224894458	","	55799904	","	piyueexam	",1727
"","	2022-07-18 02:28:10	","	2022-07-18 02:28:10	","	2022-07-18 02:28:10	","	197686420	","	224894458	","	55799904	","	examscore	",1727
"","	2022-07-18 02:28:10	","	2022-07-18 02:28:10	","	2022-07-18 02:28:10	","	147376715	","	224894458	","	55799904	","	piyueexam	",1727
"","	2022-07-18 02:28:17	","	2022-07-18 02:28:17	","	2022-07-18 02:28:17	","	197688218	","	224894458	","	55799904	","	examscore	",1727
"","	2022-07-18 02:28:17	","	2022-07-18 02:28:17	","	2022-07-18 02:28:17	","	147376715	","	224894458	","	55799904	","	piyueexam	",1727
"","	2022-07-18 02:37:27	","	2022-07-18 02:37:27	","	2022-07-18 02:37:27	","	197688667	","	224894458	","	55799904	","	examscore	",1727
"","	2022-07-18 02:37:27	","	2022-07-18 02:37:27	","	2022-07-18 02:37:27	","	147376715	","	224894458	","	55799904	","	piyueexam	",1727
"","	2022-07-18 02:38:31	","	2022-07-18 02:38:31	","	2022-07-18 02:38:31	","	197688704	","	224894458	","	55799904	","	examscore	",1727
"","	2022-07-18 02:38:31	","	2022-07-18 02:38:31	","	2022-07-18 02:38:31	","	147376715	","	224894458	","	55799904	","	piyueexam	",1727
"","	2022-07-18 02:38:48	","	2022-07-18 02:38:48	","	2022-07-18 02:38:48	","	197685121	","	224894458	","	55799904	","	examscore	",1727
"","	2022-07-18 02:38:48	","	2022-07-18 02:38:48	","	2022-07-18 02:38:48	","	147376715	","	224894458	","	55799904	","	piyueexam	",1727
"","	2022-07-18 02:39:53	","	2022-07-18 02:39:53	","	2022-07-18 02:39:53	","	197685159	","	224894458	","	55799904	","	examscore	",1727
"","	2022-07-18 02:39:53	","	2022-07-18 02:39:53	","	2022-07-18 02:39:53	","	147376715	","	224894458	","	55799904	","	piyueexam	",1727
"","	2022-07-18 02:40:02	","	2022-07-18 02:40:02	","	2022-07-18 02:40:02	","	197685186	","	224894458	","	55799904	","	examscore	",1727
"","	2022-07-18 02:40:02	","	2022-07-18 02:40:02	","	2022-07-18 02:40:02	","	147376715	","	224894458	","	55799904	","	piyueexam	",1727
"","	2022-07-18 02:41:33	","	2022-07-18 02:41:33	","	2022-07-18 02:41:33	","	197685305	","	224894458	","	55799904	","	examscore	",1727
"","	2022-07-18 02:41:33	","	2022-07-18 02:41:33	","	2022-07-18 02:41:33	","	147376715	","	224894458	","	55799904	","	piyueexam	",1727
"","	2022-07-18 02:42:44	","	2022-07-18 02:42:44	","	2022-07-18 02:42:44	","	197685362	","	224894458	","	55799904	","	examscore	",1727
"","	2022-07-18 02:42:44	","	2022-07-18 02:42:44	","	2022-07-18 02:42:44	","	147376715	","	224894458	","	55799904	","	piyueexam	",1727
"","	2022-07-18 02:43:39	","	2022-07-18 02:43:39	","	2022-07-18 02:43:39	","	197685438	","	224894458	","	55799904	","	examscore	",1727
"","	2022-07-18 02:43:39	","	2022-07-18 02:43:39	","	2022-07-18 02:43:39	","	147376715	","	224894458	","	55799904	","	piyueexam	",1727
"","	2022-07-18 02:43:57	","	2022-07-18 02:43:57	","	2022-07-18 02:43:57	","	197685463	","	224894458	","	55799904	","	examscore	",1727
"","	2022-07-18 02:43:57	","	2022-07-18 02:43:57	","	2022-07-18 02:43:57	","	147376715	","	224894458	","	55799904	","	piyueexam	",1727
"","	2022-07-18 08:13:06	","	2022-07-18 08:13:06	","	2022-07-18 08:13:06	","	197684940	","	224894458	","	55799906	","	accesslog	",1727
"","	2022-07-18 11:46:49	","	2022-07-18 11:46:49	","	2022-07-18 11:46:49	","	111946376	","	222602451	","	50522391	","	accesslog	",1727
"","	2022-07-20 08:34:01	","	2022-07-20 08:34:01	","	2022-07-20 08:34:01	","	197685700	","	224894458	","	55799908	","	examscore	",1727
"","	2022-07-20 08:34:01	","	2022-07-20 08:34:01	","	2022-07-20 08:34:01	","	147376715	","	224894458	","	55799908	","	piyueexam	",1727
"","	2022-07-20 08:34:12	","	2022-07-20 08:34:12	","	2022-07-20 08:34:12	","	147373679	","	224894458	","	55799908	","	examscore	",1727
"","	2022-07-20 08:34:12	","	2022-07-20 08:34:12	","	2022-07-20 08:34:12	","	147376715	","	224894458	","	55799908	","	piyueexam	",1727
"","	2022-07-20 08:34:20	","	2022-07-20 08:34:20	","	2022-07-20 08:34:20	","	147375614	","	224894458	","	55799908	","	examscore	",1727
"","	2022-07-20 08:34:20	","	2022-07-20 08:34:20	","	2022-07-20 08:34:20	","	147376715	","	224894458	","	55799908	","	piyueexam	",1727
"","	2022-07-20 08:34:27	","	2022-07-20 08:34:27	","	2022-07-20 08:34:27	","	147392321	","	224894458	","	55799908	","	examscore	",1727
"","	2022-07-20 08:34:27	","	2022-07-20 08:34:27	","	2022-07-20 08:34:27	","	147376715	","	224894458	","	55799908	","	piyueexam	",1727
"","	2022-07-20 08:34:40	","	2022-07-20 08:34:40	","	2022-07-20 08:34:40	","	153867077	","	224894458	","	55799908	","	examscore	",1727
"","	2022-07-20 08:34:40	","	2022-07-20 08:34:40	","	2022-07-20 08:34:40	","	147376715	","	224894458	","	55799908	","	piyueexam	",1727
"","	2022-07-20 08:34:47	","	2022-07-20 08:34:47	","	2022-07-20 08:34:47	","	155199494	","	224894458	","	55799908	","	examscore	",1727
"","	2022-07-20 08:34:47	","	2022-07-20 08:34:47	","	2022-07-20 08:34:47	","	147376715	","	224894458	","	55799908	","	piyueexam	",1727
"","	2022-07-20 08:34:55	","	2022-07-20 08:34:55	","	2022-07-20 08:34:55	","	155199550	","	224894458	","	55799908	","	examscore	",1727
"","	2022-07-20 08:34:55	","	2022-07-20 08:34:55	","	2022-07-20 08:34:55	","	147376715	","	224894458	","	55799908	","	piyueexam	",1727
"","	2022-07-20 08:35:59	","	2022-07-20 08:35:59	","	2022-07-20 08:35:59	","	197689372	","	224894458	","	55799908	","	examscore	",1727
"","	2022-07-20 08:35:59	","	2022-07-20 08:35:59	","	2022-07-20 08:35:59	","	147376715	","	224894458	","	55799908	","	piyueexam	",1727
"","	2022-07-20 08:37:32	","	2022-07-20 08:37:32	","	2022-07-20 08:37:32	","	197686512	","	224894458	","	55799908	","	examscore	",1727
"","	2022-07-20 08:37:32	","	2022-07-20 08:37:32	","	2022-07-20 08:37:32	","	147376715	","	224894458	","	55799908	","	piyueexam	",1727
"","	2022-07-20 08:38:45	","	2022-07-20 08:38:45	","	2022-07-20 08:38:45	","	197689013	","	224894458	","	55799908	","	examscore	",1727
"","	2022-07-20 08:38:45	","	2022-07-20 08:38:45	","	2022-07-20 08:38:45	","	147376715	","	224894458	","	55799908	","	piyueexam	",1727
"","	2022-07-20 08:38:56	","	2022-07-20 08:38:56	","	2022-07-20 08:38:56	","	197685176	","	224894458	","	55799908	","	examscore	",1727
"","	2022-07-20 08:38:56	","	2022-07-20 08:38:56	","	2022-07-20 08:38:56	","	147376715	","	224894458	","	55799908	","	piyueexam	",1727
"","	2022-07-20 08:40:36	","	2022-07-20 08:40:36	","	2022-07-20 08:40:36	","	197685197	","	224894458	","	55799908	","	examscore	",1727
"","	2022-07-20 08:40:36	","	2022-07-20 08:40:36	","	2022-07-20 08:40:36	","	147376715	","	224894458	","	55799908	","	piyueexam	",1727
"","	2022-07-20 08:41:32	","	2022-07-20 08:41:32	","	2022-07-20 08:41:32	","	197685235	","	224894458	","	55799908	","	examscore	",1727
"","	2022-07-20 08:41:32	","	2022-07-20 08:41:32	","	2022-07-20 08:41:32	","	147376715	","	224894458	","	55799908	","	piyueexam	",1727
"","	2022-07-20 08:41:41	","	2022-07-20 08:41:41	","	2022-07-20 08:41:41	","	197685921	","	224894458	","	55799908	","	examscore	",1727
"","	2022-07-20 08:41:41	","	2022-07-20 08:41:41	","	2022-07-20 08:41:41	","	147376715	","	224894458	","	55799908	","	piyueexam	",1727
"","	2022-07-20 08:43:02	","	2022-07-20 08:43:02	","	2022-07-20 08:43:02	","	197688327	","	224894458	","	55799908	","	examscore	",1727
"","	2022-07-20 08:43:02	","	2022-07-20 08:43:02	","	2022-07-20 08:43:02	","	147376715	","	224894458	","	55799908	","	piyueexam	",1727
"","	2022-07-20 08:43:55	","	2022-07-20 08:43:55	","	2022-07-20 08:43:55	","	197688417	","	224894458	","	55799908	","	examscore	",1727
"","	2022-07-20 08:43:55	","	2022-07-20 08:43:55	","	2022-07-20 08:43:55	","	147376715	","	224894458	","	55799908	","	piyueexam	",1727
"","	2022-07-20 08:46:00	","	2022-07-20 08:46:00	","	2022-07-20 08:46:00	","	197685088	","	224894458	","	55799908	","	examscore	",1727
"","	2022-07-20 08:46:00	","	2022-07-20 08:46:00	","	2022-07-20 08:46:00	","	147376715	","	224894458	","	55799908	","	piyueexam	",1727
"","	2022-07-20 08:46:16	","	2022-07-20 08:46:16	","	2022-07-20 08:46:16	","	197685127	","	224894458	","	55799908	","	examscore	",1727
"","	2022-07-20 08:46:16	","	2022-07-20 08:46:16	","	2022-07-20 08:46:16	","	147376715	","	224894458	","	55799908	","	piyueexam	",1727
"","	2022-07-20 08:49:11	","	2022-07-20 08:49:11	","	2022-07-20 08:49:11	","	197685624	","	224894458	","	55799908	","	examscore	",1727
"","	2022-07-20 08:49:11	","	2022-07-20 08:49:11	","	2022-07-20 08:49:11	","	147376715	","	224894458	","	55799908	","	piyueexam	",1727
"","	2022-07-20 09:33:12	","	2022-07-20 09:33:12	","	2022-07-20 09:33:12	","	147390809	","	224922228	","	55853631	","	accesslog	",1727
"","	2022-07-20 10:18:15	","	2022-07-20 10:18:15	","	2022-07-20 10:18:15	","	197685121	","	224894458	","	55799906	","	accesslog	",1727
"","	2022-07-21 20:38:49	","	2022-07-21 20:38:49	","	2022-07-21 20:38:49	","	111944035	","	223018597	","	51541153	","	accesslog	",1727
"","	2022-07-21 23:52:44	","	2022-07-21 23:52:44	","	2022-07-21 23:52:44	","	197685599	","	224894458	","	55799904	","	accesslog	",1727
"","	2022-07-22 21:52:20	","	2022-07-22 21:52:20	","	2022-07-22 21:52:20	","	147385941	","	224922228	","	55853631	","	accesslog	",1727
"","	2022-07-22 21:55:55	","	2022-07-22 21:55:55	","	2022-07-22 21:55:55	","	111946109	","	222602451	","	50522391	","	accesslog	",1727
"","	2022-07-23 14:03:46	","	2022-07-23 14:03:46	","	2022-07-23 14:03:46	","	111944138	","	224841013	","	55682821	","	accesslog	",1727
"","	2022-07-25 17:19:01	","	2022-07-25 17:19:01	","	2022-07-25 17:19:01	","	111947379	","	222595437	","	50511841	","	accesslog	",1727
"","	2022-07-27 07:41:36	","	2022-07-27 07:41:36	","	2022-07-27 07:41:36	","	111949230	","	224841013	","	55682821	","	accesslog	",1727
"","	2022-07-27 09:42:21	","	2022-07-27 09:42:21	","	2022-07-27 09:42:21	","	147392764	","	223018597	","	51541153	","	accesslog	",1727
"","	2022-07-27 12:42:16	","	2022-07-27 12:42:16	","	2022-07-27 12:42:16	","	147389905	","	223018597	","	51541158	","	accesslog	",1727
"","	2022-07-27 16:05:58	","	2022-07-27 16:05:58	","	2022-07-27 16:05:58	","	197689013	","	224894458	","	55799909	","	accesslog	",1727
"","	2022-07-27 19:42:41	","	2022-07-27 19:42:41	","	2022-07-27 19:42:41	","	111944035	","	223018597	","	51541153	","	accesslog	",1727
"","	2022-07-28 11:56:44	","	2022-07-28 11:56:44	","	2022-07-28 11:56:44	","	197688298	","	224894458	","	55799906	","	accesslog	",1727
"","	2022-07-28 17:48:29	","	2022-07-28 17:48:29	","	2022-07-28 17:48:29	","	111946762	","	224989771	","	55998526	","	accesslog	",1727
"","	2022-07-29 13:53:49	","	2022-07-29 13:53:49	","	2022-07-29 13:53:49	","	147393186	","	222865147	","	51154010	","	PreampAnswerLog	",1727
"","	2022-07-29 21:00:41	","	2022-07-29 21:00:41	","	2022-07-29 21:00:41	","	147375598	","	222865147	","	51154015	","	accesslog	",1727
"","	2022-07-30 14:28:01	","	2022-07-30 14:28:01	","	2022-07-30 14:28:01	","	197263788	","	222820426	","	51027640	","	accesslog	",1727
"","	2022-07-31 13:28:12	","	2022-07-31 13:28:12	","	2022-07-31 13:28:12	","	147375598	","	222865147	","	51154010	","	accesslog	",1727
"","	2022-07-31 23:21:43	","	2022-07-31 23:21:43	","	2022-07-31 23:21:43	","	197685159	","	224894458	","	55799906	","	accesslog	",1727
"","	2022-07-31 23:21:52	","	2022-07-31 23:21:52	","	2022-07-31 23:21:52	","	197685159	","	224894458	","	55799904	","	accesslog	",1727
"","	2022-07-31 23:51:15	","	2022-07-31 23:51:15	","	2022-07-31 23:51:15	","	197689303	","	224894458	","	55799909	","	accesslog	",1727
